STATE,COUNTY,ALX5E001
Alabama,Autauga County,29819
Alabama,Baldwin County,32626
Alabama,Barbour County,18473
Alabama,Bibb County,20778
Alabama,Blount County,24747
Alabama,Bullock County,20877
Alabama,Butler County,21038
Alabama,Calhoun County,25345
Alabama,Chambers County,22729
Alabama,Cherokee County,24301
Alabama,Chilton County,24658
Alabama,Choctaw County,22308
Alabama,Clarke County,22225
Alabama,Clay County,23519
Alabama,Cleburne County,23142
Alabama,Coffee County,27806
Alabama,Colbert County,25536
Alabama,Conecuh County,19769
Alabama,Coosa County,23694
Alabama,Covington County,23687
Alabama,Crenshaw County,24563
Alabama,Cullman County,23468
Alabama,Dale County,24645
Alabama,Dallas County,19612
Alabama,DeKalb County,21907
Alabama,Elmore County,29052
Alabama,Escambia County,19028
Alabama,Etowah County,24883
Alabama,Fayette County,22483
Alabama,Franklin County,21641
Alabama,Geneva County,21711
Alabama,Greene County,14884
Alabama,Hale County,21191
Alabama,Henry County,25276
Alabama,Houston County,27097
Alabama,Jackson County,22596
Alabama,Jefferson County,32098
Alabama,Lamar County,22636
Alabama,Lauderdale County,28033
Alabama,Lawrence County,23450
Alabama,Lee County,27860
Alabama,Limestone County,28411
Alabama,Lowndes County,20209
Alabama,Macon County,20419
Alabama,Madison County,36620
Alabama,Marengo County,25635
Alabama,Marion County,21311
Alabama,Marshall County,24453
Alabama,Mobile County,25861
Alabama,Monroe County,20527
Alabama,Montgomery County,29071
Alabama,Morgan County,27367
Alabama,Perry County,15055
Alabama,Pickens County,23024
Alabama,Pike County,22453
Alabama,Randolph County,24721
Alabama,Russell County,23470
Alabama,St. Clair County,26409
Alabama,Shelby County,38549
Alabama,Sumter County,16799
Alabama,Talladega County,23305
Alabama,Tallapoosa County,25217
Alabama,Tuscaloosa County,26789
Alabama,Walker County,23882
Alabama,Washington County,26752
Alabama,Wilcox County,16841
Alabama,Winston County,22952
Alaska,Aleutians East Borough,33939
Alaska,Aleutians West Census Area,39647
Alaska,Anchorage Municipality,41415
Alaska,Bethel Census Area,19885
Alaska,Bristol Bay Borough,44168
Alaska,Denali Borough,34365
Alaska,Dillingham Census Area,25993
Alaska,Fairbanks North Star Borough,37025
Alaska,Haines Borough,31731
Alaska,Hoonah-Angoon Census Area,36091
Alaska,Juneau City and Borough,43680
Alaska,Kenai Peninsula Borough,34226
Alaska,Ketchikan Gateway Borough,37590
Alaska,Kodiak Island Borough,32876
Alaska,Kusilvak Census Area,13762
Alaska,Lake and Peninsula Borough,24836
Alaska,Matanuska-Susitna Borough,31232
Alaska,Nome Census Area,23581
Alaska,North Slope Borough,48730
Alaska,Northwest Arctic Borough,23780
Alaska,Petersburg Borough,36112
Alaska,Prince of Wales-Hyder Census Area,27080
Alaska,Sitka City and Borough,39615
Alaska,Skagway Municipality,39453
Alaska,Southeast Fairbanks Census Area,32193
Alaska,Valdez-Cordova Census Area,38907
Alaska,Wrangell City and Borough,32286
Alaska,Yakutat City and Borough,32198
Alaska,Yukon-Koyukuk Census Area,22718
Arizona,Apache County,15128
Arizona,Cochise County,26819
Arizona,Coconino County,27339
Arizona,Gila County,24251
Arizona,Graham County,18683
Arizona,Greenlee County,25780
Arizona,La Paz County,22879
Arizona,Maricopa County,33279
Arizona,Mohave County,26166
Arizona,Navajo County,18935
Arizona,Pima County,29707
Arizona,Pinal County,24959
Arizona,Santa Cruz County,21480
Arizona,Yavapai County,30341
Arizona,Yuma County,21758
Arkansas,Arkansas County,26386
Arkansas,Ashley County,23391
Arkansas,Baxter County,26863
Arkansas,Benton County,34442
Arkansas,Boone County,24727
Arkansas,Bradley County,22945
Arkansas,Calhoun County,23688
Arkansas,Carroll County,25295
Arkansas,Chicot County,20232
Arkansas,Clark County,21337
Arkansas,Clay County,22505
Arkansas,Cleburne County,27227
Arkansas,Cleveland County,24225
Arkansas,Columbia County,21189
Arkansas,Conway County,25158
Arkansas,Craighead County,26948
Arkansas,Crawford County,24547
Arkansas,Crittenden County,23172
Arkansas,Cross County,25380
Arkansas,Dallas County,20517
Arkansas,Desha County,19235
Arkansas,Drew County,25543
Arkansas,Faulkner County,26913
Arkansas,Franklin County,20480
Arkansas,Fulton County,19697
Arkansas,Garland County,27171
Arkansas,Grant County,28153
Arkansas,Greene County,23494
Arkansas,Hempstead County,21521
Arkansas,Hot Spring County,21866
Arkansas,Howard County,24481
Arkansas,Independence County,23733
Arkansas,Izard County,21164
Arkansas,Jackson County,20295
Arkansas,Jefferson County,21472
Arkansas,Johnson County,21010
Arkansas,Lafayette County,25876
Arkansas,Lawrence County,21473
Arkansas,Lee County,16968
Arkansas,Lincoln County,14764
Arkansas,Little River County,25759
Arkansas,Logan County,21491
Arkansas,Lonoke County,27293
Arkansas,Madison County,24356
Arkansas,Marion County,21395
Arkansas,Miller County,23729
Arkansas,Mississippi County,22750
Arkansas,Monroe County,23538
Arkansas,Montgomery County,22631
Arkansas,Nevada County,19912
Arkansas,Newton County,19735
Arkansas,Ouachita County,21562
Arkansas,Perry County,23164
Arkansas,Phillips County,18651
Arkansas,Pike County,23362
Arkansas,Poinsett County,20963
Arkansas,Polk County,23103
Arkansas,Pope County,23391
Arkansas,Prairie County,25789
Arkansas,Pulaski County,32692
Arkansas,Randolph County,23248
Arkansas,St. Francis County,18447
Arkansas,Saline County,30553
Arkansas,Scott County,18281
Arkansas,Searcy County,20410
Arkansas,Sebastian County,25961
Arkansas,Sevier County,22320
Arkansas,Sharp County,21423
Arkansas,Stone County,20695
Arkansas,Union County,25193
Arkansas,Van Buren County,22168
Arkansas,Washington County,27790
Arkansas,White County,23702
Arkansas,Woodruff County,23423
Arkansas,Yell County,22015
California,Alameda County,47314
California,Alpine County,36739
California,Amador County,31987
California,Butte County,29506
California,Calaveras County,33456
California,Colusa County,26932
California,Contra Costa County,48178
California,Del Norte County,23674
California,El Dorado County,42749
California,Fresno County,24422
California,Glenn County,22668
California,Humboldt County,28769
California,Imperial County,18018
California,Inyo County,32590
California,Kern County,23326
California,Kings County,22373
California,Lake County,27362
California,Lassen County,22134
California,Los Angeles County,34156
California,Madera County,22853
California,Marin County,72466
California,Mariposa County,28757
California,Mendocino County,29035
California,Merced County,23011
California,Modoc County,22843
California,Mono County,34552
California,Monterey County,30073
California,Napa County,45195
California,Nevada County,39233
California,Orange County,41514
California,Placer County,43759
California,Plumas County,35198
California,Riverside County,28596
California,Sacramento County,32751
California,San Benito County,33174
California,San Bernardino County,25215
California,San Diego County,38073
California,San Francisco County,68883
California,San Joaquin County,27521
California,San Luis Obispo County,37233
California,San Mateo County,61545
California,Santa Barbara County,36039
California,Santa Clara County,56248
California,Santa Cruz County,41312
California,Shasta County,29720
California,Sierra County,33747
California,Siskiyou County,28615
California,Solano County,35400
California,Sonoma County,42178
California,Stanislaus County,26258
California,Sutter County,27371
California,Tehama County,24301
California,Trinity County,26523
California,Tulare County,21380
California,Tuolumne County,34702
California,Ventura County,38595
California,Yolo County,34515
California,Yuba County,25583
Colorado,Adams County,30313
Colorado,Alamosa County,22131
Colorado,Arapahoe County,40443
Colorado,Archuleta County,31629
Colorado,Baca County,24061
Colorado,Bent County,13930
Colorado,Boulder County,46826
Colorado,Broomfield County,50863
Colorado,Chaffee County,29827
Colorado,Cheyenne County,29081
Colorado,Clear Creek County,39203
Colorado,Conejos County,20640
Colorado,Costilla County,21732
Colorado,Crowley County,15517
Colorado,Custer County,29258
Colorado,Delta County,26499
Colorado,Denver County,43770
Colorado,Dolores County,26323
Colorado,Douglas County,53313
Colorado,Eagle County,44391
Colorado,Elbert County,44690
Colorado,El Paso County,33728
Colorado,Fremont County,22692
Colorado,Garfield County,33393
Colorado,Gilpin County,49641
Colorado,Grand County,37876
Colorado,Gunnison County,32191
Colorado,Hinsdale County,33570
Colorado,Huerfano County,25140
Colorado,Jackson County,28199
Colorado,Jefferson County,44119
Colorado,Kiowa County,25937
Colorado,Kit Carson County,27797
Colorado,Lake County,29122
Colorado,La Plata County,39493
Colorado,Larimer County,37363
Colorado,Las Animas County,25813
Colorado,Lincoln County,16753
Colorado,Logan County,26727
Colorado,Mesa County,29596
Colorado,Mineral County,33955
Colorado,Moffat County,29100
Colorado,Montezuma County,26072
Colorado,Montrose County,28078
Colorado,Morgan County,25064
Colorado,Otero County,21110
Colorado,Ouray County,41160
Colorado,Park County,36500
Colorado,Phillips County,26494
Colorado,Pitkin County,54875
Colorado,Prowers County,23698
Colorado,Pueblo County,25051
Colorado,Rio Blanco County,26487
Colorado,Rio Grande County,24582
Colorado,Routt County,43769
Colorado,Saguache County,22511
Colorado,San Juan County,34502
Colorado,San Miguel County,47526
Colorado,Sedgwick County,27527
Colorado,Summit County,41281
Colorado,Teller County,35703
Colorado,Washington County,27860
Colorado,Weld County,31793
Colorado,Yuma County,27955
Connecticut,Fairfield County,57263
Connecticut,Hartford County,40540
Connecticut,Litchfield County,44480
Connecticut,Middlesex County,46023
Connecticut,New Haven County,38009
Connecticut,New London County,39426
Connecticut,Tolland County,41371
Connecticut,Windham County,32732
Delaware,Kent County,28845
Delaware,New Castle County,37532
Delaware,Sussex County,35491
District of Columbia,District of Columbia,56147
Florida,Alachua County,28646
Florida,Baker County,24686
Florida,Bay County,29290
Florida,Bradford County,20529
Florida,Brevard County,32176
Florida,Broward County,32909
Florida,Calhoun County,19304
Florida,Charlotte County,32144
Florida,Citrus County,26989
Florida,Clay County,30483
Florida,Collier County,45567
Florida,Columbia County,24275
Florida,DeSoto County,18503
Florida,Dixie County,21144
Florida,Duval County,31327
Florida,Escambia County,28022
Florida,Flagler County,29383
Florida,Franklin County,26574
Florida,Gadsden County,20734
Florida,Gilchrist County,21578
Florida,Glades County,21953
Florida,Gulf County,23252
Florida,Hamilton County,16136
Florida,Hardee County,17754
Florida,Hendry County,19167
Florida,Hernando County,25860
Florida,Highlands County,25752
Florida,Hillsborough County,32343
Florida,Holmes County,19201
Florida,Indian River County,36516
Florida,Jackson County,20019
Florida,Jefferson County,24510
Florida,Lafayette County,20776
Florida,Lake County,28348
Florida,Lee County,33543
Florida,Leon County,30586
Florida,Levy County,21579
Florida,Liberty County,17872
Florida,Madison County,19510
Florida,Manatee County,33853
Florida,Marion County,25839
Florida,Martin County,42199
Florida,Miami-Dade County,28224
Florida,Monroe County,46028
Florida,Nassau County,36553
Florida,Okaloosa County,33019
Florida,Okeechobee County,21367
Florida,Orange County,30456
Florida,Osceola County,22196
Florida,Palm Beach County,39933
Florida,Pasco County,29001
Florida,Pinellas County,35196
Florida,Polk County,24864
Florida,Putnam County,20915
Florida,St. Johns County,43194
Florida,St. Lucie County,27121
Florida,Santa Rosa County,31691
Florida,Sarasota County,41081
Florida,Seminole County,35175
Florida,Sumter County,35560
Florida,Suwannee County,22808
Florida,Taylor County,17391
Florida,Union County,17010
Florida,Volusia County,28517
Florida,Wakulla County,25733
Florida,Walton County,34475
Florida,Washington County,18401
Georgia,Appling County,21300
Georgia,Atkinson County,20338
Georgia,Bacon County,20326
Georgia,Baker County,22525
Georgia,Baldwin County,21716
Georgia,Banks County,21403
Georgia,Barrow County,25266
Georgia,Bartow County,26493
Georgia,Ben Hill County,17774
Georgia,Berrien County,19547
Georgia,Bibb County,25640
Georgia,Bleckley County,20458
Georgia,Brantley County,20191
Georgia,Brooks County,25700
Georgia,Bryan County,31623
Georgia,Bulloch County,22328
Georgia,Burke County,22173
Georgia,Butts County,27195
Georgia,Calhoun County,14005
Georgia,Camden County,29741
Georgia,Candler County,20687
Georgia,Carroll County,24993
Georgia,Catoosa County,27308
Georgia,Charlton County,18323
Georgia,Chatham County,32229
Georgia,Chattahoochee County,23769
Georgia,Chattooga County,18715
Georgia,Cherokee County,36503
Georgia,Clarke County,23827
Georgia,Clay County,17036
Georgia,Clayton County,20970
Georgia,Clinch County,15152
Georgia,Cobb County,40031
Georgia,Coffee County,19905
Georgia,Colquitt County,20529
Georgia,Columbia County,34579
Georgia,Cook County,20128
Georgia,Coweta County,33875
Georgia,Crawford County,23204
Georgia,Crisp County,22933
Georgia,Dade County,24000
Georgia,Dawson County,34239
Georgia,Decatur County,21568
Georgia,DeKalb County,36077
Georgia,Dodge County,20216
Georgia,Dooly County,22716
Georgia,Dougherty County,22059
Georgia,Douglas County,27743
Georgia,Early County,19026
Georgia,Echols County,23885
Georgia,Effingham County,31704
Georgia,Elbert County,22355
Georgia,Emanuel County,19389
Georgia,Evans County,20725
Georgia,Fannin County,27940
Georgia,Fayette County,44061
Georgia,Floyd County,25776
Georgia,Forsyth County,43832
Georgia,Franklin County,23187
Georgia,Fulton County,47163
Georgia,Gilmer County,27282
Georgia,Glascock County,23541
Georgia,Glynn County,33848
Georgia,Gordon County,24092
Georgia,Grady County,22543
Georgia,Greene County,37818
Georgia,Gwinnett County,30636
Georgia,Habersham County,23046
Georgia,Hall County,29680
Georgia,Hancock County,16704
Georgia,Haralson County,25074
Georgia,Harris County,36273
Georgia,Hart County,23181
Georgia,Heard County,22714
Georgia,Henry County,29889
Georgia,Houston County,29462
Georgia,Irwin County,19878
Georgia,Jackson County,28915
Georgia,Jasper County,22814
Georgia,Jeff Davis County,17833
Georgia,Jefferson County,19259
Georgia,Jenkins County,15531
Georgia,Johnson County,21087
Georgia,Jones County,25854
Georgia,Lamar County,22413
Georgia,Lanier County,19207
Georgia,Laurens County,21665
Georgia,Lee County,29348
Georgia,Liberty County,22811
Georgia,Lincoln County,26918
Georgia,Long County,22639
Georgia,Lowndes County,23348
Georgia,Lumpkin County,27155
Georgia,McDuffie County,21625
Georgia,McIntosh County,26892
Georgia,Macon County,17883
Georgia,Madison County,24511
Georgia,Marion County,22541
Georgia,Meriwether County,21038
Georgia,Miller County,23870
Georgia,Mitchell County,18619
Georgia,Monroe County,33290
Georgia,Montgomery County,22477
Georgia,Morgan County,33571
Georgia,Murray County,21989
Georgia,Muscogee County,26097
Georgia,Newton County,25247
Georgia,Oconee County,44336
Georgia,Oglethorpe County,23523
Georgia,Paulding County,27979
Georgia,Peach County,24486
Georgia,Pickens County,31965
Georgia,Pierce County,22268
Georgia,Pike County,27639
Georgia,Polk County,23857
Georgia,Pulaski County,20746
Georgia,Putnam County,31504
Georgia,Quitman County,18639
Georgia,Rabun County,28266
Georgia,Randolph County,16691
Georgia,Richmond County,22787
Georgia,Rockdale County,28320
Georgia,Schley County,20965
Georgia,Screven County,22213
Georgia,Seminole County,29614
Georgia,Spalding County,24582
Georgia,Stephens County,23546
Georgia,Stewart County,16705
Georgia,Sumter County,20654
Georgia,Talbot County,21357
Georgia,Taliaferro County,21416
Georgia,Tattnall County,18319
Georgia,Taylor County,21298
Georgia,Telfair County,17202
Georgia,Terrell County,20045
Georgia,Thomas County,27454
Georgia,Tift County,22974
Georgia,Toombs County,24399
Georgia,Towns County,25972
Georgia,Treutlen County,21830
Georgia,Troup County,23124
Georgia,Turner County,19527
Georgia,Twiggs County,20979
Georgia,Union County,28953
Georgia,Upson County,21747
Georgia,Walker County,24247
Georgia,Walton County,27889
Georgia,Ware County,20411
Georgia,Warren County,23448
Georgia,Washington County,20303
Georgia,Wayne County,21090
Georgia,Webster County,24102
Georgia,Wheeler County,14654
Georgia,White County,27406
Georgia,Whitfield County,23974
Georgia,Wilcox County,16183
Georgia,Wilkes County,24674
Georgia,Wilkinson County,22141
Georgia,Worth County,24415
Hawaii,Hawaii County,30542
Hawaii,Honolulu County,36816
Hawaii,Kalawao County,49118
Hawaii,Kauai County,33143
Hawaii,Maui County,35241
Idaho,Ada County,34919
Idaho,Adams County,28026
Idaho,Bannock County,25076
Idaho,Bear Lake County,26378
Idaho,Benewah County,23255
Idaho,Bingham County,23059
Idaho,Blaine County,33645
Idaho,Boise County,31975
Idaho,Bonner County,27918
Idaho,Bonneville County,28671
Idaho,Boundary County,25782
Idaho,Butte County,30294
Idaho,Camas County,30209
Idaho,Canyon County,22232
Idaho,Caribou County,26221
Idaho,Cassia County,21687
Idaho,Clark County,18860
Idaho,Clearwater County,23412
Idaho,Custer County,23805
Idaho,Elmore County,23028
Idaho,Franklin County,24185
Idaho,Fremont County,23577
Idaho,Gem County,22661
Idaho,Gooding County,23607
Idaho,Idaho County,22672
Idaho,Jefferson County,24677
Idaho,Jerome County,21461
Idaho,Kootenai County,29948
Idaho,Latah County,27011
Idaho,Lemhi County,25075
Idaho,Lewis County,24094
Idaho,Lincoln County,21656
Idaho,Madison County,16585
Idaho,Minidoka County,24262
Idaho,Nez Perce County,29544
Idaho,Oneida County,22120
Idaho,Owyhee County,22806
Idaho,Payette County,25768
Idaho,Power County,23343
Idaho,Shoshone County,23987
Idaho,Teton County,31191
Idaho,Twin Falls County,25352
Idaho,Valley County,33709
Idaho,Washington County,22650
Illinois,Adams County,30343
Illinois,Alexander County,19519
Illinois,Bond County,28119
Illinois,Boone County,31943
Illinois,Brown County,23070
Illinois,Bureau County,30255
Illinois,Calhoun County,28822
Illinois,Carroll County,29166
Illinois,Cass County,26992
Illinois,Champaign County,30578
Illinois,Christian County,27361
Illinois,Clark County,30796
Illinois,Clay County,26815
Illinois,Clinton County,31783
Illinois,Coles County,28084
Illinois,Cook County,37552
Illinois,Crawford County,26546
Illinois,Cumberland County,27812
Illinois,DeKalb County,29430
Illinois,De Witt County,30729
Illinois,Douglas County,28139
Illinois,DuPage County,46272
Illinois,Edgar County,27797
Illinois,Edwards County,28255
Illinois,Effingham County,31665
Illinois,Fayette County,23194
Illinois,Ford County,28957
Illinois,Franklin County,24098
Illinois,Fulton County,27741
Illinois,Gallatin County,33377
Illinois,Greene County,25414
Illinois,Grundy County,35208
Illinois,Hamilton County,27702
Illinois,Hancock County,28576
Illinois,Hardin County,28932
Illinois,Henderson County,28950
Illinois,Henry County,30345
Illinois,Iroquois County,27574
Illinois,Jackson County,24804
Illinois,Jasper County,25849
Illinois,Jefferson County,26466
Illinois,Jersey County,30182
Illinois,Jo Daviess County,34437
Illinois,Johnson County,23140
Illinois,Kane County,36270
Illinois,Kankakee County,27984
Illinois,Kendall County,36382
Illinois,Knox County,24545
Illinois,Lake County,45766
Illinois,LaSalle County,30277
Illinois,Lawrence County,23613
Illinois,Lee County,29984
Illinois,Livingston County,27925
Illinois,Logan County,27546
Illinois,McDonough County,24094
Illinois,McHenry County,39006
Illinois,McLean County,34532
Illinois,Macon County,29644
Illinois,Macoupin County,28809
Illinois,Madison County,32427
Illinois,Marion County,25563
Illinois,Marshall County,30808
Illinois,Mason County,28534
Illinois,Massac County,23539
Illinois,Menard County,37098
Illinois,Mercer County,29268
Illinois,Monroe County,42152
Illinois,Montgomery County,26609
Illinois,Morgan County,26755
Illinois,Moultrie County,29538
Illinois,Ogle County,31397
Illinois,Peoria County,32041
Illinois,Perry County,26035
Illinois,Piatt County,33468
Illinois,Pike County,26157
Illinois,Pope County,22065
Illinois,Pulaski County,21605
Illinois,Putnam County,34438
Illinois,Randolph County,26558
Illinois,Richland County,26358
Illinois,Rock Island County,29756
Illinois,St. Clair County,30807
Illinois,Saline County,25342
Illinois,Sangamon County,35509
Illinois,Schuyler County,24831
Illinois,Scott County,27052
Illinois,Shelby County,27029
Illinois,Stark County,30018
Illinois,Stephenson County,27911
Illinois,Tazewell County,33507
Illinois,Union County,25879
Illinois,Vermilion County,25307
Illinois,Wabash County,27781
Illinois,Warren County,25730
Illinois,Washington County,32838
Illinois,Wayne County,26313
Illinois,White County,26746
Illinois,Whiteside County,29856
Illinois,Will County,36524
Illinois,Williamson County,28375
Illinois,Winnebago County,29278
Illinois,Woodford County,37170
Indiana,Adams County,23316
Indiana,Allen County,29160
Indiana,Bartholomew County,31774
Indiana,Benton County,25187
Indiana,Blackford County,24302
Indiana,Boone County,48295
Indiana,Brown County,34372
Indiana,Carroll County,29366
Indiana,Cass County,24948
Indiana,Clark County,29062
Indiana,Clay County,26257
Indiana,Clinton County,24489
Indiana,Crawford County,22443
Indiana,Daviess County,23848
Indiana,Dearborn County,30800
Indiana,Decatur County,27006
Indiana,DeKalb County,29073
Indiana,Delaware County,25107
Indiana,Dubois County,30366
Indiana,Elkhart County,26150
Indiana,Fayette County,24015
Indiana,Floyd County,33478
Indiana,Fountain County,28058
Indiana,Franklin County,29166
Indiana,Fulton County,26427
Indiana,Gibson County,28076
Indiana,Grant County,23046
Indiana,Greene County,25453
Indiana,Hamilton County,49287
Indiana,Hancock County,34119
Indiana,Harrison County,28119
Indiana,Hendricks County,36569
Indiana,Henry County,24687
Indiana,Howard County,28129
Indiana,Huntington County,26502
Indiana,Jackson County,25840
Indiana,Jasper County,28240
Indiana,Jay County,23443
Indiana,Jefferson County,27152
Indiana,Jennings County,26017
Indiana,Johnson County,34408
Indiana,Knox County,26041
Indiana,Kosciusko County,29786
Indiana,LaGrange County,24549
Indiana,Lake County,28923
Indiana,LaPorte County,27264
Indiana,Lawrence County,26603
Indiana,Madison County,25557
Indiana,Marion County,28566
Indiana,Marshall County,25761
Indiana,Martin County,26758
Indiana,Miami County,24028
Indiana,Monroe County,28514
Indiana,Montgomery County,27162
Indiana,Morgan County,30721
Indiana,Newton County,26007
Indiana,Noble County,26832
Indiana,Ohio County,30517
Indiana,Orange County,24080
Indiana,Owen County,25209
Indiana,Parke County,23574
Indiana,Perry County,25707
Indiana,Pike County,25624
Indiana,Porter County,34595
Indiana,Posey County,32091
Indiana,Pulaski County,24992
Indiana,Putnam County,26120
Indiana,Randolph County,24964
Indiana,Ripley County,28312
Indiana,Rush County,26301
Indiana,St. Joseph County,28215
Indiana,Scott County,23646
Indiana,Shelby County,29583
Indiana,Spencer County,31287
Indiana,Starke County,24673
Indiana,Steuben County,29949
Indiana,Sullivan County,24356
Indiana,Switzerland County,24944
Indiana,Tippecanoe County,27451
Indiana,Tipton County,31025
Indiana,Union County,25661
Indiana,Vanderburgh County,29638
Indiana,Vermillion County,26493
Indiana,Vigo County,25113
Indiana,Wabash County,27149
Indiana,Warren County,31104
Indiana,Warrick County,37466
Indiana,Washington County,25015
Indiana,Wayne County,26510
Indiana,Wells County,28663
Indiana,White County,27461
Indiana,Whitley County,31843
Iowa,Adair County,30822
Iowa,Adams County,28440
Iowa,Allamakee County,27892
Iowa,Appanoose County,26012
Iowa,Audubon County,30344
Iowa,Benton County,33301
Iowa,Black Hawk County,30563
Iowa,Boone County,32889
Iowa,Bremer County,32814
Iowa,Buchanan County,33373
Iowa,Buena Vista County,26526
Iowa,Butler County,30036
Iowa,Calhoun County,28434
Iowa,Carroll County,31648
Iowa,Cass County,28302
Iowa,Cedar County,32268
Iowa,Cerro Gordo County,32757
Iowa,Cherokee County,32999
Iowa,Chickasaw County,31095
Iowa,Clarke County,27416
Iowa,Clay County,28747
Iowa,Clayton County,28294
Iowa,Clinton County,28483
Iowa,Crawford County,29196
Iowa,Dallas County,45090
Iowa,Davis County,29387
Iowa,Decatur County,22875
Iowa,Delaware County,32112
Iowa,Des Moines County,29941
Iowa,Dickinson County,39052
Iowa,Dubuque County,32905
Iowa,Emmet County,28651
Iowa,Fayette County,28643
Iowa,Floyd County,29622
Iowa,Franklin County,29546
Iowa,Fremont County,29261
Iowa,Greene County,28451
Iowa,Grundy County,36231
Iowa,Guthrie County,31128
Iowa,Hamilton County,30127
Iowa,Hancock County,30309
Iowa,Hardin County,28770
Iowa,Harrison County,32443
Iowa,Henry County,26408
Iowa,Howard County,29032
Iowa,Humboldt County,30480
Iowa,Ida County,33789
Iowa,Iowa County,33755
Iowa,Jackson County,29660
Iowa,Jasper County,28604
Iowa,Jefferson County,28611
Iowa,Johnson County,35108
Iowa,Jones County,29453
Iowa,Keokuk County,29957
Iowa,Kossuth County,31225
Iowa,Lee County,26710
Iowa,Linn County,34545
Iowa,Louisa County,29021
Iowa,Lucas County,31069
Iowa,Lyon County,29124
Iowa,Madison County,35470
Iowa,Mahaska County,28174
Iowa,Marion County,30644
Iowa,Marshall County,27196
Iowa,Mills County,34850
Iowa,Mitchell County,29676
Iowa,Monona County,29591
Iowa,Monroe County,28999
Iowa,Montgomery County,29781
Iowa,Muscatine County,29511
Iowa,O'Brien County,30564
Iowa,Osceola County,30955
Iowa,Page County,27390
Iowa,Palo Alto County,28445
Iowa,Plymouth County,33982
Iowa,Pocahontas County,30013
Iowa,Polk County,35433
Iowa,Pottawattamie County,30318
Iowa,Poweshiek County,31827
Iowa,Ringgold County,28756
Iowa,Sac County,32274
Iowa,Scott County,33643
Iowa,Shelby County,32703
Iowa,Sioux County,29360
Iowa,Story County,29539
Iowa,Tama County,28585
Iowa,Taylor County,29778
Iowa,Union County,27750
Iowa,Van Buren County,27252
Iowa,Wapello County,26424
Iowa,Warren County,36496
Iowa,Washington County,30547
Iowa,Wayne County,25628
Iowa,Webster County,26498
Iowa,Winnebago County,28342
Iowa,Winneshiek County,32075
Iowa,Woodbury County,28688
Iowa,Worth County,31949
Iowa,Wright County,29622
Kansas,Allen County,23734
Kansas,Anderson County,24309
Kansas,Atchison County,24237
Kansas,Barber County,27648
Kansas,Barton County,27495
Kansas,Bourbon County,23102
Kansas,Brown County,25208
Kansas,Butler County,29986
Kansas,Chase County,23055
Kansas,Chautauqua County,22962
Kansas,Cherokee County,22615
Kansas,Cheyenne County,29041
Kansas,Clark County,28227
Kansas,Clay County,29235
Kansas,Cloud County,27279
Kansas,Coffey County,33371
Kansas,Comanche County,30355
Kansas,Cowley County,24726
Kansas,Crawford County,23091
Kansas,Decatur County,30905
Kansas,Dickinson County,27219
Kansas,Doniphan County,25775
Kansas,Douglas County,32281
Kansas,Edwards County,27431
Kansas,Elk County,23875
Kansas,Ellis County,30956
Kansas,Ellsworth County,26443
Kansas,Finney County,24152
Kansas,Ford County,23293
Kansas,Franklin County,26998
Kansas,Geary County,23897
Kansas,Gove County,28859
Kansas,Graham County,27236
Kansas,Grant County,25411
Kansas,Gray County,29421
Kansas,Greeley County,28982
Kansas,Greenwood County,27500
Kansas,Hamilton County,22003
Kansas,Harper County,24800
Kansas,Harvey County,28226
Kansas,Haskell County,26814
Kansas,Hodgeman County,30044
Kansas,Jackson County,28127
Kansas,Jefferson County,30655
Kansas,Jewell County,27731
Kansas,Johnson County,46517
Kansas,Kearny County,23415
Kansas,Kingman County,34578
Kansas,Kiowa County,26321
Kansas,Labette County,24572
Kansas,Lane County,28435
Kansas,Leavenworth County,32444
Kansas,Lincoln County,25803
Kansas,Linn County,27926
Kansas,Logan County,28135
Kansas,Lyon County,26904
Kansas,McPherson County,31006
Kansas,Marion County,26577
Kansas,Marshall County,28469
Kansas,Meade County,28945
Kansas,Miami County,35659
Kansas,Mitchell County,25801
Kansas,Montgomery County,24647
Kansas,Morris County,29558
Kansas,Morton County,23447
Kansas,Nemaha County,30344
Kansas,Neosho County,23845
Kansas,Ness County,34243
Kansas,Norton County,25352
Kansas,Osage County,27951
Kansas,Osborne County,30843
Kansas,Ottawa County,29230
Kansas,Pawnee County,25131
Kansas,Phillips County,27431
Kansas,Pottawatomie County,29345
Kansas,Pratt County,27442
Kansas,Rawlins County,28590
Kansas,Reno County,27073
Kansas,Republic County,27424
Kansas,Rice County,26737
Kansas,Riley County,27272
Kansas,Rooks County,26420
Kansas,Rush County,26552
Kansas,Russell County,26090
Kansas,Saline County,28813
Kansas,Scott County,29315
Kansas,Sedgwick County,29530
Kansas,Seward County,20754
Kansas,Shawnee County,30974
Kansas,Sheridan County,35465
Kansas,Sherman County,27919
Kansas,Smith County,28994
Kansas,Stafford County,28060
Kansas,Stanton County,23033
Kansas,Stevens County,24652
Kansas,Sumner County,26954
Kansas,Thomas County,30442
Kansas,Trego County,34230
Kansas,Wabaunsee County,27876
Kansas,Wallace County,27966
Kansas,Washington County,27841
Kansas,Wichita County,29126
Kansas,Wilson County,27471
Kansas,Woodson County,22672
Kansas,Wyandotte County,22335
Kentucky,Adair County,21196
Kentucky,Allen County,22294
Kentucky,Anderson County,27250
Kentucky,Ballard County,25217
Kentucky,Barren County,21869
Kentucky,Bath County,22238
Kentucky,Bell County,15501
Kentucky,Boone County,35991
Kentucky,Bourbon County,27802
Kentucky,Boyd County,26193
Kentucky,Boyle County,26413
Kentucky,Bracken County,24124
Kentucky,Breathitt County,19053
Kentucky,Breckinridge County,23286
Kentucky,Bullitt County,29333
Kentucky,Butler County,22951
Kentucky,Caldwell County,28799
Kentucky,Calloway County,23219
Kentucky,Campbell County,34025
Kentucky,Carlisle County,30065
Kentucky,Carroll County,25217
Kentucky,Carter County,18778
Kentucky,Casey County,18457
Kentucky,Christian County,23021
Kentucky,Clark County,28802
Kentucky,Clay County,15391
Kentucky,Clinton County,21019
Kentucky,Crittenden County,23959
Kentucky,Cumberland County,18728
Kentucky,Daviess County,28806
Kentucky,Edmonson County,21802
Kentucky,Elliott County,13856
Kentucky,Estill County,17746
Kentucky,Fayette County,34442
Kentucky,Fleming County,23593
Kentucky,Floyd County,19471
Kentucky,Franklin County,30711
Kentucky,Fulton County,18247
Kentucky,Gallatin County,23638
Kentucky,Garrard County,26272
Kentucky,Grant County,23721
Kentucky,Graves County,24750
Kentucky,Grayson County,21231
Kentucky,Green County,22506
Kentucky,Greenup County,27722
Kentucky,Hancock County,24830
Kentucky,Hardin County,28606
Kentucky,Harlan County,16468
Kentucky,Harrison County,24154
Kentucky,Hart County,20742
Kentucky,Henderson County,26212
Kentucky,Henry County,25202
Kentucky,Hickman County,28114
Kentucky,Hopkins County,25042
Kentucky,Jackson County,18560
Kentucky,Jefferson County,33251
Kentucky,Jessamine County,31146
Kentucky,Johnson County,21974
Kentucky,Kenton County,33330
Kentucky,Knott County,18475
Kentucky,Knox County,17832
Kentucky,Larue County,24803
Kentucky,Laurel County,22398
Kentucky,Lawrence County,18124
Kentucky,Lee County,17386
Kentucky,Leslie County,15838
Kentucky,Letcher County,20641
Kentucky,Lewis County,19860
Kentucky,Lincoln County,21480
Kentucky,Livingston County,27728
Kentucky,Logan County,24221
Kentucky,Lyon County,26994
Kentucky,McCracken County,32357
Kentucky,McCreary County,14505
Kentucky,McLean County,25610
Kentucky,Madison County,25837
Kentucky,Magoffin County,18243
Kentucky,Marion County,22241
Kentucky,Marshall County,29792
Kentucky,Martin County,18017
Kentucky,Mason County,28411
Kentucky,Meade County,27861
Kentucky,Menifee County,20588
Kentucky,Mercer County,27061
Kentucky,Metcalfe County,19121
Kentucky,Monroe County,23481
Kentucky,Montgomery County,22381
Kentucky,Morgan County,18310
Kentucky,Muhlenberg County,22612
Kentucky,Nelson County,32735
Kentucky,Nicholas County,22212
Kentucky,Ohio County,24297
Kentucky,Oldham County,42272
Kentucky,Owen County,25640
Kentucky,Owsley County,18940
Kentucky,Pendleton County,24120
Kentucky,Perry County,23135
Kentucky,Pike County,22437
Kentucky,Powell County,20841
Kentucky,Pulaski County,24646
Kentucky,Robertson County,22552
Kentucky,Rockcastle County,20892
Kentucky,Rowan County,20488
Kentucky,Russell County,20674
Kentucky,Scott County,32796
Kentucky,Shelby County,32468
Kentucky,Simpson County,24458
Kentucky,Spencer County,33661
Kentucky,Taylor County,23602
Kentucky,Todd County,23143
Kentucky,Trigg County,28264
Kentucky,Trimble County,27237
Kentucky,Union County,23097
Kentucky,Warren County,28558
Kentucky,Washington County,26035
Kentucky,Wayne County,25707
Kentucky,Webster County,22911
Kentucky,Whitley County,20547
Kentucky,Wolfe County,14923
Kentucky,Woodford County,32264
Louisiana,Acadia Parish,23122
Louisiana,Allen Parish,20964
Louisiana,Ascension Parish,34168
Louisiana,Assumption Parish,25752
Louisiana,Avoyelles Parish,22017
Louisiana,Beauregard Parish,26331
Louisiana,Bienville Parish,21491
Louisiana,Bossier Parish,28766
Louisiana,Caddo Parish,26545
Louisiana,Calcasieu Parish,28778
Louisiana,Caldwell Parish,23216
Louisiana,Cameron Parish,28358
Louisiana,Catahoula Parish,22412
Louisiana,Claiborne Parish,16770
Louisiana,Concordia Parish,19092
Louisiana,De Soto Parish,26767
Louisiana,East Baton Rouge Parish,32431
Louisiana,East Carroll Parish,19483
Louisiana,East Feliciana Parish,23612
Louisiana,Evangeline Parish,18770
Louisiana,Franklin Parish,19206
Louisiana,Grant Parish,18801
Louisiana,Iberia Parish,23290
Louisiana,Iberville Parish,23751
Louisiana,Jackson Parish,21594
Louisiana,Jefferson Parish,30374
Louisiana,Jefferson Davis Parish,25474
Louisiana,Lafayette Parish,31892
Louisiana,Lafourche Parish,28683
Louisiana,LaSalle Parish,21654
Louisiana,Lincoln Parish,22863
Louisiana,Livingston Parish,29354
Louisiana,Madison Parish,16671
Louisiana,Morehouse Parish,18494
Louisiana,Natchitoches Parish,19198
Louisiana,Orleans Parish,31385
Louisiana,Ouachita Parish,24361
Louisiana,Plaquemines Parish,29258
Louisiana,Pointe Coupee Parish,28180
Louisiana,Rapides Parish,25984
Louisiana,Red River Parish,22924
Louisiana,Richland Parish,20107
Louisiana,Sabine Parish,22687
Louisiana,St. Bernard Parish,20763
Louisiana,St. Charles Parish,32935
Louisiana,St. Helena Parish,24380
Louisiana,St. James Parish,26739
Louisiana,St. John the Baptist Parish,25968
Louisiana,St. Landry Parish,21162
Louisiana,St. Martin Parish,24997
Louisiana,St. Mary Parish,22839
Louisiana,St. Tammany Parish,34658
Louisiana,Tangipahoa Parish,25163
Louisiana,Tensas Parish,15912
Louisiana,Terrebonne Parish,25924
Louisiana,Union Parish,24030
Louisiana,Vermilion Parish,25342
Louisiana,Vernon Parish,24554
Louisiana,Washington Parish,20177
Louisiana,Webster Parish,18962
Louisiana,West Baton Rouge Parish,29697
Louisiana,West Carroll Parish,22439
Louisiana,West Feliciana Parish,26945
Louisiana,Winn Parish,22107
Maine,Androscoggin County,28956
Maine,Aroostook County,25477
Maine,Cumberland County,40527
Maine,Franklin County,27252
Maine,Hancock County,34361
Maine,Kennebec County,30685
Maine,Knox County,33126
Maine,Lincoln County,33595
Maine,Oxford County,25464
Maine,Penobscot County,28523
Maine,Piscataquis County,24074
Maine,Sagadahoc County,34675
Maine,Somerset County,24386
Maine,Waldo County,29674
Maine,Washington County,25157
Maine,York County,36093
Maryland,Allegany County,23607
Maryland,Anne Arundel County,46629
Maryland,Baltimore County,40105
Maryland,Calvert County,45783
Maryland,Caroline County,29624
Maryland,Carroll County,42083
Maryland,Cecil County,34810
Maryland,Charles County,41717
Maryland,Dorchester County,30293
Maryland,Frederick County,43582
Maryland,Garrett County,30617
Maryland,Harford County,41147
Maryland,Howard County,54628
Maryland,Kent County,36813
Maryland,Montgomery County,54510
Maryland,Prince George's County,37191
Maryland,Queen Anne's County,44754
Maryland,St. Mary's County,40354
Maryland,Somerset County,18772
Maryland,Talbot County,49136
Maryland,Washington County,30464
Maryland,Wicomico County,28080
Maryland,Worcester County,38080
Maryland,Baltimore city,31271
Massachusetts,Barnstable County,44505
Massachusetts,Berkshire County,35616
Massachusetts,Bristol County,35747
Massachusetts,Dukes County,45990
Massachusetts,Essex County,42347
Massachusetts,Franklin County,35908
Massachusetts,Hampden County,30346
Massachusetts,Hampshire County,34838
Massachusetts,Middlesex County,52228
Massachusetts,Nantucket County,55398
Massachusetts,Norfolk County,53889
Massachusetts,Plymouth County,43412
Massachusetts,Suffolk County,42765
Massachusetts,Worcester County,37574
Michigan,Alcona County,25636
Michigan,Alger County,20851
Michigan,Allegan County,29215
Michigan,Alpena County,25957
Michigan,Antrim County,31851
Michigan,Arenac County,24328
Michigan,Baraga County,22920
Michigan,Barry County,31760
Michigan,Bay County,27469
Michigan,Benzie County,29425
Michigan,Berrien County,30864
Michigan,Branch County,25279
Michigan,Calhoun County,26855
Michigan,Cass County,31295
Michigan,Charlevoix County,33620
Michigan,Cheboygan County,26393
Michigan,Chippewa County,25086
Michigan,Clare County,22573
Michigan,Clinton County,34761
Michigan,Crawford County,26294
Michigan,Delta County,27632
Michigan,Dickinson County,29656
Michigan,Eaton County,33427
Michigan,Emmet County,34074
Michigan,Genesee County,27295
Michigan,Gladwin County,25657
Michigan,Gogebic County,25555
Michigan,Grand Traverse County,35405
Michigan,Gratiot County,23616
Michigan,Hillsdale County,25621
Michigan,Houghton County,23421
Michigan,Huron County,27852
Michigan,Ingham County,29380
Michigan,Ionia County,24864
Michigan,Iosco County,25264
Michigan,Iron County,25944
Michigan,Isabella County,23888
Michigan,Jackson County,28364
Michigan,Kalamazoo County,31975
Michigan,Kalkaska County,24358
Michigan,Kent County,32524
Michigan,Keweenaw County,34608
Michigan,Lake County,20461
Michigan,Lapeer County,30344
Michigan,Leelanau County,39073
Michigan,Lenawee County,27850
Michigan,Livingston County,40351
Michigan,Luce County,22350
Michigan,Mackinac County,28966
Michigan,Macomb County,32238
Michigan,Manistee County,26668
Michigan,Marquette County,27979
Michigan,Mason County,29549
Michigan,Mecosta County,23431
Michigan,Menominee County,27942
Michigan,Midland County,36142
Michigan,Missaukee County,23838
Michigan,Monroe County,31481
Michigan,Montcalm County,24200
Michigan,Montmorency County,23958
Michigan,Muskegon County,25435
Michigan,Newaygo County,25451
Michigan,Oakland County,44629
Michigan,Oceana County,24345
Michigan,Ogemaw County,23787
Michigan,Ontonagon County,25022
Michigan,Osceola County,22692
Michigan,Oscoda County,24889
Michigan,Otsego County,27234
Michigan,Ottawa County,31872
Michigan,Presque Isle County,28103
Michigan,Roscommon County,25807
Michigan,Saginaw County,28030
Michigan,St. Clair County,30703
Michigan,St. Joseph County,26248
Michigan,Sanilac County,25871
Michigan,Schoolcraft County,24647
Michigan,Shiawassee County,28437
Michigan,Tuscola County,25996
Michigan,Van Buren County,28049
Michigan,Washtenaw County,41399
Michigan,Wayne County,27282
Michigan,Wexford County,25149
Minnesota,Aitkin County,29275
Minnesota,Anoka County,36978
Minnesota,Becker County,31729
Minnesota,Beltrami County,25418
Minnesota,Benton County,29831
Minnesota,Big Stone County,29459
Minnesota,Blue Earth County,29677
Minnesota,Brown County,31237
Minnesota,Carlton County,29440
Minnesota,Carver County,47221
Minnesota,Cass County,30326
Minnesota,Chippewa County,30772
Minnesota,Chisago County,35021
Minnesota,Clay County,30768
Minnesota,Clearwater County,27178
Minnesota,Cook County,33194
Minnesota,Cottonwood County,27459
Minnesota,Crow Wing County,32368
Minnesota,Dakota County,41552
Minnesota,Dodge County,34399
Minnesota,Douglas County,36535
Minnesota,Faribault County,29991
Minnesota,Fillmore County,30392
Minnesota,Freeborn County,29316
Minnesota,Goodhue County,34803
Minnesota,Grant County,32871
Minnesota,Hennepin County,45768
Minnesota,Houston County,33032
Minnesota,Hubbard County,29896
Minnesota,Isanti County,34054
Minnesota,Itasca County,30286
Minnesota,Jackson County,34325
Minnesota,Kanabec County,28427
Minnesota,Kandiyohi County,31039
Minnesota,Kittson County,30539
Minnesota,Koochiching County,29834
Minnesota,Lac qui Parle County,32437
Minnesota,Lake County,34207
Minnesota,Lake of the Woods County,25640
Minnesota,Le Sueur County,33311
Minnesota,Lincoln County,30253
Minnesota,Lyon County,29634
Minnesota,McLeod County,32465
Minnesota,Mahnomen County,21279
Minnesota,Marshall County,30746
Minnesota,Martin County,31066
Minnesota,Meeker County,32368
Minnesota,Mille Lacs County,27758
Minnesota,Morrison County,29680
Minnesota,Mower County,29720
Minnesota,Murray County,31874
Minnesota,Nicollet County,33031
Minnesota,Nobles County,25939
Minnesota,Norman County,30422
Minnesota,Olmsted County,41066
Minnesota,Otter Tail County,32059
Minnesota,Pennington County,31159
Minnesota,Pine County,26407
Minnesota,Pipestone County,30540
Minnesota,Polk County,30078
Minnesota,Pope County,34166
Minnesota,Ramsey County,35013
Minnesota,Red Lake County,30037
Minnesota,Redwood County,28611
Minnesota,Renville County,31253
Minnesota,Rice County,31221
Minnesota,Rock County,31345
Minnesota,Roseau County,30193
Minnesota,St. Louis County,31537
Minnesota,Scott County,42155
Minnesota,Sherburne County,35439
Minnesota,Sibley County,32016
Minnesota,Stearns County,30994
Minnesota,Steele County,32477
Minnesota,Stevens County,32542
Minnesota,Swift County,31765
Minnesota,Todd County,26678
Minnesota,Traverse County,32548
Minnesota,Wabasha County,34442
Minnesota,Wadena County,24214
Minnesota,Waseca County,29929
Minnesota,Washington County,45822
Minnesota,Watonwan County,28341
Minnesota,Wilkin County,34543
Minnesota,Winona County,30013
Minnesota,Wright County,36260
Minnesota,Yellow Medicine County,29908
Mississippi,Adams County,18386
Mississippi,Alcorn County,23909
Mississippi,Amite County,21568
Mississippi,Attala County,21276
Mississippi,Benton County,20643
Mississippi,Bolivar County,18843
Mississippi,Calhoun County,19229
Mississippi,Carroll County,22385
Mississippi,Chickasaw County,19926
Mississippi,Choctaw County,22257
Mississippi,Claiborne County,14320
Mississippi,Clarke County,23988
Mississippi,Clay County,20599
Mississippi,Coahoma County,18985
Mississippi,Copiah County,20093
Mississippi,Covington County,19180
Mississippi,DeSoto County,30195
Mississippi,Forrest County,22534
Mississippi,Franklin County,23067
Mississippi,George County,22732
Mississippi,Greene County,16006
Mississippi,Grenada County,23135
Mississippi,Hancock County,27462
Mississippi,Harrison County,25415
Mississippi,Hinds County,23734
Mississippi,Holmes County,15291
Mississippi,Humphreys County,18513
Mississippi,Issaquena County,16388
Mississippi,Itawamba County,22806
Mississippi,Jackson County,27141
Mississippi,Jasper County,22523
Mississippi,Jefferson County,14659
Mississippi,Jefferson Davis County,20638
Mississippi,Jones County,23163
Mississippi,Kemper County,16995
Mississippi,Lafayette County,27765
Mississippi,Lamar County,30062
Mississippi,Lauderdale County,24698
Mississippi,Lawrence County,22980
Mississippi,Leake County,19893
Mississippi,Lee County,26369
Mississippi,Leflore County,18419
Mississippi,Lincoln County,23541
Mississippi,Lowndes County,26438
Mississippi,Madison County,38901
Mississippi,Marion County,19545
Mississippi,Marshall County,21853
Mississippi,Monroe County,23844
Mississippi,Montgomery County,24054
Mississippi,Neshoba County,19540
Mississippi,Newton County,20787
Mississippi,Noxubee County,18525
Mississippi,Oktibbeha County,22512
Mississippi,Panola County,19892
Mississippi,Pearl River County,23920
Mississippi,Perry County,23166
Mississippi,Pike County,17621
Mississippi,Pontotoc County,21191
Mississippi,Prentiss County,19693
Mississippi,Quitman County,15026
Mississippi,Rankin County,30835
Mississippi,Scott County,22203
Mississippi,Sharkey County,19958
Mississippi,Simpson County,23520
Mississippi,Smith County,23698
Mississippi,Stone County,23820
Mississippi,Sunflower County,15646
Mississippi,Tallahatchie County,16742
Mississippi,Tate County,23340
Mississippi,Tippah County,19501
Mississippi,Tishomingo County,20390
Mississippi,Tunica County,20579
Mississippi,Union County,21705
Mississippi,Walthall County,21123
Mississippi,Warren County,25661
Mississippi,Washington County,20174
Mississippi,Wayne County,23668
Mississippi,Webster County,22011
Mississippi,Wilkinson County,15475
Mississippi,Winston County,25263
Mississippi,Yalobusha County,20690
Mississippi,Yazoo County,19972
Missouri,Adair County,22847
Missouri,Andrew County,29338
Missouri,Atchison County,31248
Missouri,Audrain County,23024
Missouri,Barry County,25068
Missouri,Barton County,26509
Missouri,Bates County,27635
Missouri,Benton County,24317
Missouri,Bollinger County,21340
Missouri,Boone County,30415
Missouri,Buchanan County,26347
Missouri,Butler County,21652
Missouri,Caldwell County,24581
Missouri,Callaway County,25849
Missouri,Camden County,28275
Missouri,Cape Girardeau County,28267
Missouri,Carroll County,25715
Missouri,Carter County,22104
Missouri,Cass County,32868
Missouri,Cedar County,22623
Missouri,Chariton County,23903
Missouri,Christian County,28216
Missouri,Clark County,26490
Missouri,Clay County,34560
Missouri,Clinton County,29081
Missouri,Cole County,30422
Missouri,Cooper County,23961
Missouri,Crawford County,22220
Missouri,Dade County,23186
Missouri,Dallas County,23647
Missouri,Daviess County,24929
Missouri,DeKalb County,20125
Missouri,Dent County,22711
Missouri,Douglas County,21083
Missouri,Dunklin County,21801
Missouri,Franklin County,30278
Missouri,Gasconade County,28617
Missouri,Gentry County,24269
Missouri,Greene County,27525
Missouri,Grundy County,23497
Missouri,Harrison County,22032
Missouri,Henry County,26944
Missouri,Hickory County,20736
Missouri,Holt County,27520
Missouri,Howard County,23753
Missouri,Howell County,21048
Missouri,Iron County,21499
Missouri,Jackson County,31480
Missouri,Jasper County,24484
Missouri,Jefferson County,29999
Missouri,Johnson County,25380
Missouri,Knox County,22326
Missouri,Laclede County,23051
Missouri,Lafayette County,29565
Missouri,Lawrence County,22957
Missouri,Lewis County,22739
Missouri,Lincoln County,26848
Missouri,Linn County,25130
Missouri,Livingston County,23587
Missouri,McDonald County,20468
Missouri,Macon County,22136
Missouri,Madison County,24418
Missouri,Maries County,26226
Missouri,Marion County,25069
Missouri,Mercer County,23042
Missouri,Miller County,25827
Missouri,Mississippi County,18549
Missouri,Moniteau County,24224
Missouri,Monroe County,24697
Missouri,Montgomery County,24682
Missouri,Morgan County,21316
Missouri,New Madrid County,21419
Missouri,Newton County,28353
Missouri,Nodaway County,22915
Missouri,Oregon County,18398
Missouri,Osage County,29061
Missouri,Ozark County,18739
Missouri,Pemiscot County,20646
Missouri,Perry County,26609
Missouri,Pettis County,23576
Missouri,Phelps County,25202
Missouri,Pike County,22297
Missouri,Platte County,40567
Missouri,Polk County,22773
Missouri,Pulaski County,23651
Missouri,Putnam County,24758
Missouri,Ralls County,27023
Missouri,Randolph County,21240
Missouri,Ray County,29524
Missouri,Reynolds County,22720
Missouri,Ripley County,18119
Missouri,St. Charles County,38943
Missouri,St. Clair County,22520
Missouri,Ste. Genevieve County,29742
Missouri,St. Francois County,22578
Missouri,St. Louis County,41426
Missouri,Saline County,22942
Missouri,Schuyler County,19862
Missouri,Scotland County,27706
Missouri,Scott County,24921
Missouri,Shannon County,17387
Missouri,Shelby County,24304
Missouri,Stoddard County,22138
Missouri,Stone County,29026
Missouri,Sullivan County,22370
Missouri,Taney County,23776
Missouri,Texas County,19973
Missouri,Vernon County,24312
Missouri,Warren County,28641
Missouri,Washington County,20581
Missouri,Wayne County,19457
Missouri,Webster County,22961
Missouri,Worth County,26137
Missouri,Wright County,19850
Missouri,St. Louis city,30542
Montana,Beaverhead County,28401
Montana,Big Horn County,18934
Montana,Blaine County,19258
Montana,Broadwater County,31631
Montana,Carbon County,33067
Montana,Carter County,28577
Montana,Cascade County,30110
Montana,Chouteau County,23769
Montana,Custer County,30504
Montana,Daniels County,35133
Montana,Dawson County,31658
Montana,Deer Lodge County,26241
Montana,Fallon County,37024
Montana,Fergus County,30529
Montana,Flathead County,31694
Montana,Gallatin County,36924
Montana,Garfield County,28541
Montana,Glacier County,18043
Montana,Golden Valley County,30790
Montana,Granite County,30752
Montana,Hill County,23589
Montana,Jefferson County,32773
Montana,Judith Basin County,28811
Montana,Lake County,25388
Montana,Lewis and Clark County,34504
Montana,Liberty County,43320
Montana,Lincoln County,25081
Montana,McCone County,27912
Montana,Madison County,35719
Montana,Meagher County,24723
Montana,Mineral County,23621
Montana,Missoula County,31897
Montana,Musselshell County,24979
Montana,Park County,35123
Montana,Petroleum County,31177
Montana,Phillips County,25605
Montana,Pondera County,25633
Montana,Powder River County,32094
Montana,Powell County,26456
Montana,Prairie County,27377
Montana,Ravalli County,29761
Montana,Richland County,33109
Montana,Roosevelt County,18657
Montana,Rosebud County,24922
Montana,Sanders County,25309
Montana,Sheridan County,36091
Montana,Silver Bow County,27706
Montana,Stillwater County,32301
Montana,Sweet Grass County,30050
Montana,Teton County,28022
Montana,Toole County,27528
Montana,Treasure County,29763
Montana,Valley County,27946
Montana,Wheatland County,21619
Montana,Wibaux County,25591
Montana,Yellowstone County,34451
Nebraska,Adams County,28729
Nebraska,Antelope County,26523
Nebraska,Arthur County,25906
Nebraska,Banner County,27552
Nebraska,Blaine County,25097
Nebraska,Boone County,33027
Nebraska,Box Butte County,28156
Nebraska,Boyd County,29871
Nebraska,Brown County,30674
Nebraska,Buffalo County,31043
Nebraska,Burt County,31635
Nebraska,Butler County,30095
Nebraska,Cass County,33851
Nebraska,Cedar County,30163
Nebraska,Chase County,30080
Nebraska,Cherry County,29415
Nebraska,Cheyenne County,31294
Nebraska,Clay County,27539
Nebraska,Colfax County,23603
Nebraska,Cuming County,29765
Nebraska,Custer County,33561
Nebraska,Dakota County,25269
Nebraska,Dawes County,25383
Nebraska,Dawson County,25956
Nebraska,Deuel County,26351
Nebraska,Dixon County,27634
Nebraska,Dodge County,28019
Nebraska,Douglas County,35307
Nebraska,Dundy County,25479
Nebraska,Fillmore County,34483
Nebraska,Franklin County,28365
Nebraska,Frontier County,28899
Nebraska,Furnas County,27021
Nebraska,Gage County,29565
Nebraska,Garden County,35050
Nebraska,Garfield County,29146
Nebraska,Gosper County,37565
Nebraska,Grant County,23264
Nebraska,Greeley County,26553
Nebraska,Hall County,28359
Nebraska,Hamilton County,32131
Nebraska,Harlan County,28919
Nebraska,Hayes County,31286
Nebraska,Hitchcock County,30037
Nebraska,Holt County,31785
Nebraska,Hooker County,27714
Nebraska,Howard County,27489
Nebraska,Jefferson County,27461
Nebraska,Johnson County,24072
Nebraska,Kearney County,31094
Nebraska,Keith County,29823
Nebraska,Keya Paha County,28853
Nebraska,Kimball County,27478
Nebraska,Knox County,28409
Nebraska,Lancaster County,32378
Nebraska,Lincoln County,31567
Nebraska,Logan County,24355
Nebraska,Loup County,27726
Nebraska,McPherson County,30063
Nebraska,Madison County,28179
Nebraska,Merrick County,28795
Nebraska,Morrill County,26951
Nebraska,Nance County,29454
Nebraska,Nemaha County,29574
Nebraska,Nuckolls County,30078
Nebraska,Otoe County,31450
Nebraska,Pawnee County,27162
Nebraska,Perkins County,35765
Nebraska,Phelps County,32864
Nebraska,Pierce County,32040
Nebraska,Platte County,30331
Nebraska,Polk County,30234
Nebraska,Red Willow County,27392
Nebraska,Richardson County,28309
Nebraska,Rock County,36140
Nebraska,Saline County,24627
Nebraska,Sarpy County,36058
Nebraska,Saunders County,33851
Nebraska,Scotts Bluff County,27978
Nebraska,Seward County,32040
Nebraska,Sheridan County,29477
Nebraska,Sherman County,28448
Nebraska,Sioux County,28646
Nebraska,Stanton County,29117
Nebraska,Thayer County,29632
Nebraska,Thomas County,36572
Nebraska,Thurston County,20141
Nebraska,Valley County,29378
Nebraska,Washington County,35145
Nebraska,Wayne County,27671
Nebraska,Webster County,29969
Nebraska,Wheeler County,29037
Nebraska,York County,32975
Nevada,Churchill County,28462
Nevada,Clark County,30704
Nevada,Douglas County,38814
Nevada,Elko County,33875
Nevada,Esmeralda County,25849
Nevada,Eureka County,34249
Nevada,Humboldt County,33362
Nevada,Lander County,34000
Nevada,Lincoln County,26432
Nevada,Lyon County,27855
Nevada,Mineral County,22921
Nevada,Nye County,25558
Nevada,Pershing County,19891
Nevada,Storey County,37941
Nevada,Washoe County,36071
Nevada,White Pine County,25675
Nevada,Carson City,31549
New Hampshire,Belknap County,37430
New Hampshire,Carroll County,37490
New Hampshire,Cheshire County,33946
New Hampshire,Coos County,27393
New Hampshire,Grafton County,37750
New Hampshire,Hillsborough County,40955
New Hampshire,Merrimack County,37367
New Hampshire,Rockingham County,47222
New Hampshire,Strafford County,35601
New Hampshire,Sullivan County,33042
New Jersey,Atlantic County,33284
New Jersey,Bergen County,51214
New Jersey,Burlington County,43187
New Jersey,Camden County,35958
New Jersey,Cape May County,40389
New Jersey,Cumberland County,25694
New Jersey,Essex County,38722
New Jersey,Gloucester County,39337
New Jersey,Hudson County,40740
New Jersey,Hunterdon County,57098
New Jersey,Mercer County,43086
New Jersey,Middlesex County,39599
New Jersey,Monmouth County,51700
New Jersey,Morris County,58109
New Jersey,Ocean County,36100
New Jersey,Passaic County,32064
New Jersey,Salem County,34047
New Jersey,Somerset County,55828
New Jersey,Sussex County,44728
New Jersey,Union County,41603
New Jersey,Warren County,39802
New Mexico,Bernalillo County,30734
New Mexico,Catron County,21989
New Mexico,Chaves County,22041
New Mexico,Cibola County,20018
New Mexico,Colfax County,24035
New Mexico,Curry County,23021
New Mexico,De Baca County,17376
New Mexico,Doa Ana County,22154
New Mexico,Eddy County,30246
New Mexico,Grant County,25590
New Mexico,Guadalupe County,17420
New Mexico,Harding County,34721
New Mexico,Hidalgo County,22009
New Mexico,Lea County,25585
New Mexico,Lincoln County,27454
New Mexico,Los Alamos County,60746
New Mexico,Luna County,17168
New Mexico,McKinley County,15931
New Mexico,Mora County,19864
New Mexico,Otero County,23170
New Mexico,Quay County,19784
New Mexico,Rio Arriba County,22911
New Mexico,Roosevelt County,20123
New Mexico,Sandoval County,29255
New Mexico,San Juan County,23235
New Mexico,San Miguel County,20762
New Mexico,Santa Fe County,38520
New Mexico,Sierra County,25344
New Mexico,Socorro County,18948
New Mexico,Taos County,25646
New Mexico,Torrance County,20876
New Mexico,Union County,22116
New Mexico,Valencia County,23675
New York,Albany County,37635
New York,Allegany County,24857
New York,Bronx County,21778
New York,Broome County,28699
New York,Cattaraugus County,25822
New York,Cayuga County,30509
New York,Chautauqua County,26165
New York,Chemung County,28778
New York,Chenango County,27708
New York,Clinton County,27761
New York,Columbia County,38268
New York,Cortland County,28229
New York,Delaware County,27701
New York,Dutchess County,40093
New York,Erie County,33598
New York,Essex County,31667
New York,Franklin County,25406
New York,Fulton County,27443
New York,Genesee County,30511
New York,Greene County,28433
New York,Hamilton County,24851
New York,Herkimer County,27850
New York,Jefferson County,26194
New York,Kings County,34173
New York,Lewis County,26708
New York,Livingston County,28701
New York,Madison County,30469
New York,Monroe County,33840
New York,Montgomery County,26521
New York,Nassau County,51422
New York,New York County,76592
New York,Niagara County,30971
New York,Oneida County,29687
New York,Onondaga County,34002
New York,Ontario County,36835
New York,Orange County,34959
New York,Orleans County,26298
New York,Oswego County,28587
New York,Otsego County,28849
New York,Putnam County,47448
New York,Queens County,31930
New York,Rensselaer County,35903
New York,Richmond County,36907
New York,Rockland County,39286
New York,St. Lawrence County,25378
New York,Saratoga County,43065
New York,Schenectady County,32417
New York,Schoharie County,30397
New York,Schuyler County,27678
New York,Seneca County,28245
New York,Steuben County,29886
New York,Suffolk County,44465
New York,Sullivan County,30446
New York,Tioga County,31822
New York,Tompkins County,33075
New York,Ulster County,34834
New York,Warren County,35271
New York,Washington County,28530
New York,Wayne County,31043
New York,Westchester County,57049
New York,Wyoming County,27947
New York,Yates County,28270
North Carolina,Alamance County,27312
North Carolina,Alexander County,26688
North Carolina,Alleghany County,23267
North Carolina,Anson County,21635
North Carolina,Ashe County,24814
North Carolina,Avery County,21167
North Carolina,Beaufort County,27504
North Carolina,Bertie County,22947
North Carolina,Bladen County,23440
North Carolina,Brunswick County,33312
North Carolina,Buncombe County,32426
North Carolina,Burke County,24481
North Carolina,Cabarrus County,32255
North Carolina,Caldwell County,23869
North Carolina,Camden County,28221
North Carolina,Carteret County,33722
North Carolina,Caswell County,23901
North Carolina,Catawba County,28224
North Carolina,Chatham County,40967
North Carolina,Cherokee County,23902
North Carolina,Chowan County,26256
North Carolina,Clay County,28467
North Carolina,Cleveland County,22589
North Carolina,Columbus County,22608
North Carolina,Craven County,29521
North Carolina,Cumberland County,24936
North Carolina,Currituck County,31849
North Carolina,Dare County,34578
North Carolina,Davidson County,25988
North Carolina,Davie County,31173
North Carolina,Duplin County,20254
North Carolina,Durham County,35398
North Carolina,Edgecombe County,20626
North Carolina,Forsyth County,30769
North Carolina,Franklin County,27294
North Carolina,Gaston County,27352
North Carolina,Gates County,25846
North Carolina,Graham County,20323
North Carolina,Granville County,27131
North Carolina,Greene County,19168
North Carolina,Guilford County,30767
North Carolina,Halifax County,21848
North Carolina,Harnett County,23767
North Carolina,Haywood County,30490
North Carolina,Henderson County,31564
North Carolina,Hertford County,20119
North Carolina,Hoke County,20991
North Carolina,Hyde County,18245
North Carolina,Iredell County,33194
North Carolina,Jackson County,25347
North Carolina,Johnston County,27924
North Carolina,Jones County,21928
North Carolina,Lee County,24842
North Carolina,Lenoir County,23865
North Carolina,Lincoln County,31771
North Carolina,McDowell County,24281
North Carolina,Macon County,28936
North Carolina,Madison County,25956
North Carolina,Martin County,23575
North Carolina,Mecklenburg County,38819
North Carolina,Mitchell County,25009
North Carolina,Montgomery County,24636
North Carolina,Moore County,34606
North Carolina,Nash County,27406
North Carolina,New Hanover County,34288
North Carolina,Northampton County,22002
North Carolina,Onslow County,24413
North Carolina,Orange County,42231
North Carolina,Pamlico County,29092
North Carolina,Pasquotank County,24664
North Carolina,Pender County,29266
North Carolina,Perquimans County,27569
North Carolina,Person County,27329
North Carolina,Pitt County,27155
North Carolina,Polk County,30756
North Carolina,Randolph County,24397
North Carolina,Richmond County,21228
North Carolina,Robeson County,18709
North Carolina,Rockingham County,24209
North Carolina,Rowan County,25630
North Carolina,Rutherford County,23978
North Carolina,Sampson County,22875
North Carolina,Scotland County,19052
North Carolina,Stanly County,25863
North Carolina,Stokes County,26279
North Carolina,Surry County,25500
North Carolina,Swain County,23139
North Carolina,Transylvania County,29549
North Carolina,Tyrrell County,19743
North Carolina,Union County,36362
North Carolina,Vance County,23049
North Carolina,Wake County,40982
North Carolina,Warren County,23432
North Carolina,Washington County,23431
North Carolina,Watauga County,26882
North Carolina,Wayne County,25277
North Carolina,Wilkes County,25202
North Carolina,Wilson County,24790
North Carolina,Yadkin County,25218
North Carolina,Yancey County,24487
North Dakota,Adams County,33458
North Dakota,Barnes County,35491
North Dakota,Benson County,21707
North Dakota,Billings County,42071
North Dakota,Bottineau County,35655
North Dakota,Bowman County,34880
North Dakota,Burke County,39350
North Dakota,Burleigh County,38804
North Dakota,Cass County,37620
North Dakota,Cavalier County,43457
North Dakota,Dickey County,33539
North Dakota,Divide County,40184
North Dakota,Dunn County,42691
North Dakota,Eddy County,35639
North Dakota,Emmons County,33088
North Dakota,Foster County,35299
North Dakota,Golden Valley County,33111
North Dakota,Grand Forks County,32153
North Dakota,Grant County,34786
North Dakota,Griggs County,34882
North Dakota,Hettinger County,34181
North Dakota,Kidder County,31000
North Dakota,LaMoure County,37220
North Dakota,Logan County,32619
North Dakota,McHenry County,36980
North Dakota,McIntosh County,32131
North Dakota,McKenzie County,36690
North Dakota,McLean County,36428
North Dakota,Mercer County,39025
North Dakota,Morton County,39384
North Dakota,Mountrail County,36364
North Dakota,Nelson County,34491
North Dakota,Oliver County,35565
North Dakota,Pembina County,36251
North Dakota,Pierce County,30756
North Dakota,Ramsey County,34041
North Dakota,Ransom County,34665
North Dakota,Renville County,34452
North Dakota,Richland County,31346
North Dakota,Rolette County,20484
North Dakota,Sargent County,37105
North Dakota,Sheridan County,32627
North Dakota,Sioux County,15649
North Dakota,Slope County,33798
North Dakota,Stark County,38103
North Dakota,Steele County,39011
North Dakota,Stutsman County,31991
North Dakota,Towner County,37239
North Dakota,Traill County,33321
North Dakota,Walsh County,34194
North Dakota,Ward County,34923
North Dakota,Wells County,35134
North Dakota,Williams County,44235
Ohio,Adams County,22366
Ohio,Allen County,26761
Ohio,Ashland County,26017
Ohio,Ashtabula County,24265
Ohio,Athens County,22040
Ohio,Auglaize County,31198
Ohio,Belmont County,27580
Ohio,Brown County,26696
Ohio,Butler County,31921
Ohio,Carroll County,29518
Ohio,Champaign County,27722
Ohio,Clark County,27066
Ohio,Clermont County,34390
Ohio,Clinton County,26690
Ohio,Columbiana County,26469
Ohio,Coshocton County,23432
Ohio,Crawford County,25744
Ohio,Cuyahoga County,33114
Ohio,Darke County,27855
Ohio,Defiance County,29816
Ohio,Delaware County,48117
Ohio,Erie County,32790
Ohio,Fairfield County,32021
Ohio,Fayette County,26079
Ohio,Franklin County,33998
Ohio,Fulton County,29600
Ohio,Gallia County,24130
Ohio,Geauga County,42958
Ohio,Greene County,35833
Ohio,Guernsey County,24742
Ohio,Hamilton County,35570
Ohio,Hancock County,32797
Ohio,Hardin County,23383
Ohio,Harrison County,24940
Ohio,Henry County,28830
Ohio,Highland County,23543
Ohio,Hocking County,25588
Ohio,Holmes County,23404
Ohio,Huron County,26133
Ohio,Jackson County,23254
Ohio,Jefferson County,26391
Ohio,Knox County,26390
Ohio,Lake County,34409
Ohio,Lawrence County,24562
Ohio,Licking County,31617
Ohio,Logan County,29424
Ohio,Lorain County,30928
Ohio,Lucas County,29226
Ohio,Madison County,29164
Ohio,Mahoning County,28378
Ohio,Marion County,24484
Ohio,Medina County,37788
Ohio,Meigs County,24899
Ohio,Mercer County,29765
Ohio,Miami County,31254
Ohio,Monroe County,26476
Ohio,Montgomery County,30034
Ohio,Morgan County,22937
Ohio,Morrow County,28257
Ohio,Muskingum County,25148
Ohio,Noble County,24440
Ohio,Ottawa County,34560
Ohio,Paulding County,28300
Ohio,Perry County,23484
Ohio,Pickaway County,27760
Ohio,Pike County,24318
Ohio,Portage County,30054
Ohio,Preble County,28890
Ohio,Putnam County,31743
Ohio,Richland County,25585
Ohio,Ross County,24913
Ohio,Sandusky County,27319
Ohio,Scioto County,23719
Ohio,Seneca County,27100
Ohio,Shelby County,29381
Ohio,Stark County,29495
Ohio,Summit County,33606
Ohio,Trumbull County,26935
Ohio,Tuscarawas County,27057
Ohio,Union County,37384
Ohio,Van Wert County,27115
Ohio,Vinton County,21781
Ohio,Warren County,41792
Ohio,Washington County,28782
Ohio,Wayne County,27884
Ohio,Williams County,27124
Ohio,Wood County,32431
Ohio,Wyandot County,28541
Oklahoma,Adair County,17026
Oklahoma,Alfalfa County,27615
Oklahoma,Atoka County,20443
Oklahoma,Beaver County,24514
Oklahoma,Beckham County,24480
Oklahoma,Blaine County,25851
Oklahoma,Bryan County,23979
Oklahoma,Caddo County,23167
Oklahoma,Canadian County,30755
Oklahoma,Carter County,26094
Oklahoma,Cherokee County,22161
Oklahoma,Choctaw County,21277
Oklahoma,Cimarron County,29115
Oklahoma,Cleveland County,31571
Oklahoma,Coal County,24055
Oklahoma,Comanche County,26449
Oklahoma,Cotton County,23564
Oklahoma,Craig County,21318
Oklahoma,Creek County,26044
Oklahoma,Custer County,26520
Oklahoma,Delaware County,24070
Oklahoma,Dewey County,28310
Oklahoma,Ellis County,28195
Oklahoma,Garfield County,28333
Oklahoma,Garvin County,24880
Oklahoma,Grady County,30242
Oklahoma,Grant County,28815
Oklahoma,Greer County,18907
Oklahoma,Harmon County,26045
Oklahoma,Harper County,24130
Oklahoma,Haskell County,22074
Oklahoma,Hughes County,20572
Oklahoma,Jackson County,25555
Oklahoma,Jefferson County,24313
Oklahoma,Johnston County,21197
Oklahoma,Kay County,26189
Oklahoma,Kingfisher County,31724
Oklahoma,Kiowa County,21482
Oklahoma,Latimer County,25240
Oklahoma,Le Flore County,20902
Oklahoma,Lincoln County,25255
Oklahoma,Logan County,31105
Oklahoma,Love County,22036
Oklahoma,McClain County,32259
Oklahoma,McCurtain County,20671
Oklahoma,McIntosh County,23268
Oklahoma,Major County,28609
Oklahoma,Marshall County,22781
Oklahoma,Mayes County,24472
Oklahoma,Murray County,26943
Oklahoma,Muskogee County,23826
Oklahoma,Noble County,28011
Oklahoma,Nowata County,22930
Oklahoma,Okfuskee County,18437
Oklahoma,Oklahoma County,31609
Oklahoma,Okmulgee County,23431
Oklahoma,Osage County,25473
Oklahoma,Ottawa County,20814
Oklahoma,Pawnee County,24303
Oklahoma,Payne County,24057
Oklahoma,Pittsburg County,25524
Oklahoma,Pontotoc County,26187
Oklahoma,Pottawatomie County,24178
Oklahoma,Pushmataha County,22435
Oklahoma,Roger Mills County,30866
Oklahoma,Rogers County,32148
Oklahoma,Seminole County,20666
Oklahoma,Sequoyah County,20384
Oklahoma,Stephens County,25769
Oklahoma,Texas County,22003
Oklahoma,Tillman County,21974
Oklahoma,Tulsa County,32044
Oklahoma,Wagoner County,29415
Oklahoma,Washington County,30847
Oklahoma,Washita County,26265
Oklahoma,Woods County,27427
Oklahoma,Woodward County,28915
Oregon,Baker County,28700
Oregon,Benton County,33817
Oregon,Clackamas County,41492
Oregon,Clatsop County,29757
Oregon,Columbia County,31883
Oregon,Coos County,27582
Oregon,Crook County,27007
Oregon,Curry County,30021
Oregon,Deschutes County,35507
Oregon,Douglas County,26478
Oregon,Gilliam County,26482
Oregon,Grant County,27367
Oregon,Harney County,26370
Oregon,Hood River County,34926
Oregon,Jackson County,30250
Oregon,Jefferson County,23987
Oregon,Josephine County,25167
Oregon,Klamath County,25880
Oregon,Lake County,24241
Oregon,Lane County,29705
Oregon,Lincoln County,27861
Oregon,Linn County,27345
Oregon,Malheur County,18974
Oregon,Marion County,27338
Oregon,Morrow County,23682
Oregon,Multnomah County,39245
Oregon,Polk County,29440
Oregon,Sherman County,31615
Oregon,Tillamook County,27659
Oregon,Umatilla County,24444
Oregon,Union County,27646
Oregon,Wallowa County,30485
Oregon,Wasco County,27445
Oregon,Washington County,39679
Oregon,Wheeler County,21702
Oregon,Yamhill County,31314
Pennsylvania,Adams County,31590
Pennsylvania,Allegheny County,38709
Pennsylvania,Armstrong County,27715
Pennsylvania,Beaver County,31305
Pennsylvania,Bedford County,26078
Pennsylvania,Berks County,31571
Pennsylvania,Blair County,28119
Pennsylvania,Bradford County,28392
Pennsylvania,Bucks County,45849
Pennsylvania,Butler County,37811
Pennsylvania,Cambria County,26008
Pennsylvania,Cameron County,24528
Pennsylvania,Carbon County,29202
Pennsylvania,Centre County,30753
Pennsylvania,Chester County,50927
Pennsylvania,Clarion County,25157
Pennsylvania,Clearfield County,24403
Pennsylvania,Clinton County,25794
Pennsylvania,Columbia County,26787
Pennsylvania,Crawford County,26582
Pennsylvania,Cumberland County,37500
Pennsylvania,Dauphin County,33639
Pennsylvania,Delaware County,40026
Pennsylvania,Elk County,29772
Pennsylvania,Erie County,28306
Pennsylvania,Fayette County,27368
Pennsylvania,Forest County,15245
Pennsylvania,Franklin County,31221
Pennsylvania,Fulton County,27396
Pennsylvania,Greene County,27783
Pennsylvania,Huntingdon County,25746
Pennsylvania,Indiana County,26509
Pennsylvania,Jefferson County,25509
Pennsylvania,Juniata County,26239
Pennsylvania,Lackawanna County,29899
Pennsylvania,Lancaster County,32194
Pennsylvania,Lawrence County,28926
Pennsylvania,Lebanon County,29130
Pennsylvania,Lehigh County,33566
Pennsylvania,Luzerne County,28972
Pennsylvania,Lycoming County,27950
Pennsylvania,McKean County,27023
Pennsylvania,Mercer County,27639
Pennsylvania,Mifflin County,25469
Pennsylvania,Monroe County,29662
Pennsylvania,Montgomery County,48845
Pennsylvania,Montour County,34575
Pennsylvania,Northampton County,35270
Pennsylvania,Northumberland County,26389
Pennsylvania,Perry County,30785
Pennsylvania,Philadelphia County,27924
Pennsylvania,Pike County,34589
Pennsylvania,Potter County,24797
Pennsylvania,Schuylkill County,27431
Pennsylvania,Snyder County,27482
Pennsylvania,Somerset County,25781
Pennsylvania,Sullivan County,30375
Pennsylvania,Susquehanna County,31309
Pennsylvania,Tioga County,26301
Pennsylvania,Union County,27079
Pennsylvania,Venango County,26969
Pennsylvania,Warren County,28230
Pennsylvania,Washington County,35537
Pennsylvania,Wayne County,27412
Pennsylvania,Westmoreland County,34274
Pennsylvania,Wyoming County,29584
Pennsylvania,York County,32623
Rhode Island,Bristol County,46566
Rhode Island,Kent County,39869
Rhode Island,Newport County,47594
Rhode Island,Providence County,31522
Rhode Island,Washington County,42869
South Carolina,Abbeville County,22646
South Carolina,Aiken County,28396
South Carolina,Allendale County,16985
South Carolina,Anderson County,27552
South Carolina,Bamberg County,18479
South Carolina,Barnwell County,20297
South Carolina,Beaufort County,38946
South Carolina,Berkeley County,29662
South Carolina,Calhoun County,26398
South Carolina,Charleston County,39914
South Carolina,Cherokee County,21152
South Carolina,Chester County,22324
South Carolina,Chesterfield County,21325
South Carolina,Clarendon County,22824
South Carolina,Colleton County,21377
South Carolina,Darlington County,23027
South Carolina,Dillon County,17605
South Carolina,Dorchester County,29853
South Carolina,Edgefield County,26228
South Carolina,Fairfield County,23380
South Carolina,Florence County,26127
South Carolina,Georgetown County,31382
South Carolina,Greenville County,32679
South Carolina,Greenwood County,24752
South Carolina,Hampton County,18424
South Carolina,Horry County,28202
South Carolina,Jasper County,24566
South Carolina,Kershaw County,25442
South Carolina,Lancaster County,30742
South Carolina,Laurens County,23004
South Carolina,Lee County,19300
South Carolina,Lexington County,31671
South Carolina,McCormick County,25617
South Carolina,Marion County,20160
South Carolina,Marlboro County,17456
South Carolina,Newberry County,24959
South Carolina,Oconee County,29844
South Carolina,Orangeburg County,20716
South Carolina,Pickens County,26061
South Carolina,Richland County,30175
South Carolina,Saluda County,22814
South Carolina,Spartanburg County,27240
South Carolina,Sumter County,23460
South Carolina,Union County,23470
South Carolina,Williamsburg County,18257
South Carolina,York County,34010
South Dakota,Aurora County,37086
South Dakota,Beadle County,27655
South Dakota,Bennett County,17793
South Dakota,Bon Homme County,24131
South Dakota,Brookings County,28330
South Dakota,Brown County,33122
South Dakota,Brule County,31874
South Dakota,Buffalo County,11995
South Dakota,Butte County,26961
South Dakota,Campbell County,32684
South Dakota,Charles Mix County,22347
South Dakota,Clark County,30991
South Dakota,Clay County,28192
South Dakota,Codington County,30043
South Dakota,Corson County,16449
South Dakota,Custer County,33649
South Dakota,Davison County,31560
South Dakota,Day County,29808
South Dakota,Deuel County,30601
South Dakota,Dewey County,17504
South Dakota,Douglas County,30033
South Dakota,Edmunds County,34628
South Dakota,Fall River County,27556
South Dakota,Faulk County,27569
South Dakota,Grant County,31479
South Dakota,Gregory County,26546
South Dakota,Haakon County,24333
South Dakota,Hamlin County,28822
South Dakota,Hand County,33200
South Dakota,Hanson County,24948
South Dakota,Harding County,31819
South Dakota,Hughes County,33677
South Dakota,Hutchinson County,28872
South Dakota,Hyde County,34034
South Dakota,Jackson County,13528
South Dakota,Jerauld County,42660
South Dakota,Jones County,27139
South Dakota,Kingsbury County,35773
South Dakota,Lake County,33728
South Dakota,Lawrence County,31712
South Dakota,Lincoln County,40059
South Dakota,Lyman County,22850
South Dakota,McCook County,29020
South Dakota,McPherson County,28559
South Dakota,Marshall County,32472
South Dakota,Meade County,28809
South Dakota,Mellette County,13784
South Dakota,Miner County,28381
South Dakota,Minnehaha County,31716
South Dakota,Moody County,31300
South Dakota,Oglala Lakota County,10388
South Dakota,Pennington County,31874
South Dakota,Perkins County,33678
South Dakota,Potter County,32379
South Dakota,Roberts County,26243
South Dakota,Sanborn County,32745
South Dakota,Spink County,35393
South Dakota,Stanley County,42838
South Dakota,Sully County,39226
South Dakota,Todd County,10739
South Dakota,Tripp County,27036
South Dakota,Turner County,30677
South Dakota,Union County,42411
South Dakota,Walworth County,32563
South Dakota,Yankton County,31772
South Dakota,Ziebach County,16555
Tennessee,Anderson County,28455
Tennessee,Bedford County,24864
Tennessee,Benton County,22636
Tennessee,Bledsoe County,21700
Tennessee,Blount County,30548
Tennessee,Bradley County,26655
Tennessee,Campbell County,24212
Tennessee,Cannon County,26435
Tennessee,Carroll County,22394
Tennessee,Carter County,23205
Tennessee,Cheatham County,27893
Tennessee,Chester County,22629
Tennessee,Claiborne County,21566
Tennessee,Clay County,18983
Tennessee,Cocke County,21867
Tennessee,Coffee County,26557
Tennessee,Crockett County,23771
Tennessee,Cumberland County,25832
Tennessee,Davidson County,36440
Tennessee,Decatur County,23857
Tennessee,DeKalb County,25399
Tennessee,Dickson County,27115
Tennessee,Dyer County,27710
Tennessee,Fayette County,33383
Tennessee,Fentress County,20093
Tennessee,Franklin County,28317
Tennessee,Gibson County,23211
Tennessee,Giles County,25690
Tennessee,Grainger County,23595
Tennessee,Greene County,25190
Tennessee,Grundy County,20592
Tennessee,Hamblen County,23517
Tennessee,Hamilton County,32839
Tennessee,Hancock County,23728
Tennessee,Hardeman County,18172
Tennessee,Hardin County,24243
Tennessee,Hawkins County,24695
Tennessee,Haywood County,21839
Tennessee,Henderson County,22695
Tennessee,Henry County,24124
Tennessee,Hickman County,22856
Tennessee,Houston County,22360
Tennessee,Humphreys County,25428
Tennessee,Jackson County,21037
Tennessee,Jefferson County,25159
Tennessee,Johnson County,22107
Tennessee,Knox County,33229
Tennessee,Lake County,15732
Tennessee,Lauderdale County,18515
Tennessee,Lawrence County,21720
Tennessee,Lewis County,21516
Tennessee,Lincoln County,26965
Tennessee,Loudon County,31478
Tennessee,McMinn County,23885
Tennessee,McNairy County,20934
Tennessee,Macon County,22527
Tennessee,Madison County,26722
Tennessee,Marion County,25467
Tennessee,Marshall County,25410
Tennessee,Maury County,28970
Tennessee,Meigs County,24525
Tennessee,Monroe County,23207
Tennessee,Montgomery County,26923
Tennessee,Moore County,30658
Tennessee,Morgan County,20204
Tennessee,Obion County,23375
Tennessee,Overton County,21808
Tennessee,Perry County,27970
Tennessee,Pickett County,24907
Tennessee,Polk County,25405
Tennessee,Putnam County,24946
Tennessee,Rhea County,22336
Tennessee,Roane County,30209
Tennessee,Robertson County,29524
Tennessee,Rutherford County,30159
Tennessee,Scott County,20849
Tennessee,Sequatchie County,23050
Tennessee,Sevier County,25283
Tennessee,Shelby County,30104
Tennessee,Smith County,28797
Tennessee,Stewart County,24113
Tennessee,Sullivan County,28429
Tennessee,Sumner County,33851
Tennessee,Tipton County,28457
Tennessee,Trousdale County,24795
Tennessee,Unicoi County,23455
Tennessee,Union County,24010
Tennessee,Van Buren County,20634
Tennessee,Warren County,22802
Tennessee,Washington County,29656
Tennessee,Wayne County,20689
Tennessee,Weakley County,22755
Tennessee,White County,22040
Tennessee,Williamson County,52702
Tennessee,Wilson County,34575
Texas,Anderson County,17280
Texas,Andrews County,30673
Texas,Angelina County,23147
Texas,Aransas County,30863
Texas,Archer County,34617
Texas,Armstrong County,31749
Texas,Atascosa County,23890
Texas,Austin County,30219
Texas,Bailey County,21945
Texas,Bandera County,29561
Texas,Bastrop County,27773
Texas,Baylor County,22987
Texas,Bee County,18340
Texas,Bell County,26677
Texas,Bexar County,27834
Texas,Blanco County,37998
Texas,Borden County,34028
Texas,Bosque County,26636
Texas,Bowie County,27095
Texas,Brazoria County,34561
Texas,Brazos County,27632
Texas,Brewster County,28915
Texas,Briscoe County,23933
Texas,Brooks County,14523
Texas,Brown County,27463
Texas,Burleson County,30086
Texas,Burnet County,30980
Texas,Caldwell County,25086
Texas,Calhoun County,27268
Texas,Callahan County,26051
Texas,Cameron County,17430
Texas,Camp County,22449
Texas,Carson County,34708
Texas,Cass County,23075
Texas,Castro County,21884
Texas,Chambers County,35916
Texas,Cherokee County,22391
Texas,Childress County,21233
Texas,Clay County,29159
Texas,Cochran County,21463
Texas,Coke County,25285
Texas,Coleman County,27752
Texas,Collin County,44548
Texas,Collingsworth County,25681
Texas,Colorado County,29552
Texas,Comal County,38991
Texas,Comanche County,26728
Texas,Concho County,21420
Texas,Cooke County,30704
Texas,Coryell County,22400
Texas,Cottle County,19797
Texas,Crane County,27893
Texas,Crockett County,26178
Texas,Crosby County,19443
Texas,Culberson County,15109
Texas,Dallam County,27491
Texas,Dallas County,32653
Texas,Dawson County,20084
Texas,Deaf Smith County,21616
Texas,Delta County,27667
Texas,Denton County,41153
Texas,DeWitt County,28910
Texas,Dickens County,25025
Texas,Dimmit County,16925
Texas,Donley County,25534
Texas,Duval County,17637
Texas,Eastland County,24548
Texas,Ector County,28954
Texas,Edwards County,24689
Texas,Ellis County,32571
Texas,El Paso County,21683
Texas,Erath County,27639
Texas,Falls County,18745
Texas,Fannin County,27112
Texas,Fayette County,30170
Texas,Fisher County,28750
Texas,Floyd County,23617
Texas,Foard County,27573
Texas,Fort Bend County,39994
Texas,Franklin County,28789
Texas,Freestone County,24621
Texas,Frio County,19256
Texas,Gaines County,23533
Texas,Galveston County,36819
Texas,Garza County,19997
Texas,Gillespie County,34077
Texas,Glasscock County,31830
Texas,Goliad County,29855
Texas,Gonzales County,27407
Texas,Gray County,24686
Texas,Grayson County,28011
Texas,Gregg County,26535
Texas,Grimes County,25638
Texas,Guadalupe County,31842
Texas,Hale County,20986
Texas,Hall County,21907
Texas,Hamilton County,26930
Texas,Hansford County,20410
Texas,Hardeman County,24078
Texas,Hardin County,30399
Texas,Harris County,32765
Texas,Harrison County,27086
Texas,Hartley County,20563
Texas,Haskell County,20394
Texas,Hays County,32118
Texas,Hemphill County,31530
Texas,Henderson County,26121
Texas,Hidalgo County,17175
Texas,Hill County,26370
Texas,Hockley County,23604
Texas,Hood County,35606
Texas,Hopkins County,26821
Texas,Houston County,19129
Texas,Howard County,24547
Texas,Hudspeth County,14239
Texas,Hunt County,25926
Texas,Hutchinson County,24434
Texas,Irion County,28487
Texas,Jack County,24956
Texas,Jackson County,27051
Texas,Jasper County,25269
Texas,Jeff Davis County,26531
Texas,Jefferson County,27094
Texas,Jim Hogg County,16864
Texas,Jim Wells County,21510
Texas,Johnson County,28579
Texas,Jones County,18081
Texas,Karnes County,27612
Texas,Kaufman County,28634
Texas,Kendall County,45866
Texas,Kenedy County,15211
Texas,Kent County,30543
Texas,Kerr County,32988
Texas,Kimble County,30099
Texas,King County,26199
Texas,Kinney County,23934
Texas,Kleberg County,22646
Texas,Knox County,23146
Texas,Lamar County,25038
Texas,Lamb County,22337
Texas,Lampasas County,29412
Texas,La Salle County,21110
Texas,Lavaca County,32188
Texas,Lee County,27227
Texas,Leon County,30129
Texas,Liberty County,23461
Texas,Limestone County,22595
Texas,Lipscomb County,28131
Texas,Live Oak County,25370
Texas,Llano County,37050
Texas,Loving County,33624
Texas,Lubbock County,27922
Texas,Lynn County,24917
Texas,McCulloch County,24311
Texas,McLennan County,25703
Texas,McMullen County,31455
Texas,Madison County,20748
Texas,Marion County,27566
Texas,Martin County,30548
Texas,Mason County,30388
Texas,Matagorda County,25172
Texas,Maverick County,16779
Texas,Medina County,27475
Texas,Menard County,25742
Texas,Midland County,39248
Texas,Milam County,25714
Texas,Mills County,27374
Texas,Mitchell County,21136
Texas,Montague County,28096
Texas,Montgomery County,41211
Texas,Moore County,23001
Texas,Morris County,22971
Texas,Motley County,29071
Texas,Nacogdoches County,23617
Texas,Navarro County,23786
Texas,Newton County,21659
Texas,Nolan County,25094
Texas,Nueces County,27740
Texas,Ochiltree County,23624
Texas,Oldham County,26408
Texas,Orange County,30114
Texas,Palo Pinto County,25150
Texas,Panola County,26577
Texas,Parker County,35142
Texas,Parmer County,23859
Texas,Pecos County,21120
Texas,Polk County,25164
Texas,Potter County,22568
Texas,Presidio County,15337
Texas,Rains County,27938
Texas,Randall County,34293
Texas,Reagan County,25600
Texas,Real County,18235
Texas,Red River County,22689
Texas,Reeves County,20020
Texas,Refugio County,24248
Texas,Roberts County,30955
Texas,Robertson County,26033
Texas,Rockwall County,42346
Texas,Runnels County,24402
Texas,Rusk County,26658
Texas,Sabine County,24870
Texas,San Augustine County,23683
Texas,San Jacinto County,23312
Texas,San Patricio County,26054
Texas,San Saba County,24961
Texas,Schleicher County,26560
Texas,Scurry County,24552
Texas,Shackelford County,24852
Texas,Shelby County,21950
Texas,Sherman County,30467
Texas,Smith County,28483
Texas,Somervell County,29449
Texas,Starr County,14179
Texas,Stephens County,25015
Texas,Sterling County,28757
Texas,Stonewall County,25638
Texas,Sutton County,26904
Texas,Swisher County,19697
Texas,Tarrant County,33292
Texas,Taylor County,27162
Texas,Terrell County,25687
Texas,Terry County,20627
Texas,Throckmorton County,30463
Texas,Titus County,21730
Texas,Tom Green County,29505
Texas,Travis County,43658
Texas,Trinity County,25026
Texas,Tyler County,20249
Texas,Upshur County,25285
Texas,Upton County,25447
Texas,Uvalde County,20329
Texas,Val Verde County,21370
Texas,Van Zandt County,27900
Texas,Victoria County,29199
Texas,Walker County,18544
Texas,Waller County,25401
Texas,Ward County,25931
Texas,Washington County,32625
Texas,Webb County,18466
Texas,Wharton County,25298
Texas,Wheeler County,27093
Texas,Wichita County,24872
Texas,Wilbarger County,23696
Texas,Willacy County,14888
Texas,Williamson County,37242
Texas,Wilson County,32312
Texas,Winkler County,24467
Texas,Wise County,29418
Texas,Wood County,29005
Texas,Yoakum County,24582
Texas,Young County,27423
Texas,Zapata County,20169
Texas,Zavala County,13835
Utah,Beaver County,23382
Utah,Box Elder County,24797
Utah,Cache County,23713
Utah,Carbon County,23862
Utah,Daggett County,29574
Utah,Davis County,31205
Utah,Duchesne County,24573
Utah,Emery County,23705
Utah,Garfield County,25247
Utah,Grand County,27431
Utah,Iron County,22909
Utah,Juab County,22830
Utah,Kane County,26070
Utah,Millard County,25225
Utah,Morgan County,31732
Utah,Piute County,19012
Utah,Rich County,23464
Utah,Salt Lake County,33238
Utah,San Juan County,18987
Utah,Sanpete County,20056
Utah,Sevier County,23514
Utah,Summit County,56575
Utah,Tooele County,25949
Utah,Uintah County,25759
Utah,Utah County,26215
Utah,Wasatch County,35641
Utah,Washington County,29010
Utah,Wayne County,22038
Utah,Weber County,27828
Vermont,Addison County,34741
Vermont,Bennington County,33789
Vermont,Caledonia County,29769
Vermont,Chittenden County,39062
Vermont,Essex County,25376
Vermont,Franklin County,31195
Vermont,Grand Isle County,39770
Vermont,Lamoille County,36747
Vermont,Orange County,31697
Vermont,Orleans County,27023
Vermont,Rutland County,31391
Vermont,Washington County,35236
Vermont,Windham County,32535
Vermont,Windsor County,36252
Virginia,Accomack County,26018
Virginia,Albemarle County,44799
Virginia,Alleghany County,27338
Virginia,Amelia County,31688
Virginia,Amherst County,26712
Virginia,Appomattox County,28586
Virginia,Arlington County,71841
Virginia,Augusta County,30272
Virginia,Bath County,27527
Virginia,Bedford County,33678
Virginia,Bland County,22522
Virginia,Botetourt County,35893
Virginia,Brunswick County,21732
Virginia,Buchanan County,19496
Virginia,Buckingham County,20605
Virginia,Campbell County,27739
Virginia,Caroline County,31568
Virginia,Carroll County,25449
Virginia,Charles City County,35304
Virginia,Charlotte County,22018
Virginia,Chesterfield County,37658
Virginia,Clarke County,41332
Virginia,Craig County,30103
Virginia,Culpeper County,32028
Virginia,Cumberland County,25138
Virginia,Dickenson County,24978
Virginia,Dinwiddie County,28922
Virginia,Essex County,26847
Virginia,Fairfax County,56231
Virginia,Fauquier County,45408
Virginia,Floyd County,26882
Virginia,Fluvanna County,39633
Virginia,Franklin County,30487
Virginia,Frederick County,35123
Virginia,Giles County,27137
Virginia,Gloucester County,33692
Virginia,Goochland County,51720
Virginia,Grayson County,21663
Virginia,Greene County,32508
Virginia,Greensville County,19550
Virginia,Halifax County,23909
Virginia,Hanover County,41200
Virginia,Henrico County,39516
Virginia,Henry County,22372
Virginia,Highland County,31485
Virginia,Isle of Wight County,37126
Virginia,James City County,44495
Virginia,King and Queen County,31174
Virginia,King George County,38739
Virginia,King William County,30704
Virginia,Lancaster County,40062
Virginia,Lee County,19720
Virginia,Loudoun County,55744
Virginia,Louisa County,34041
Virginia,Lunenburg County,19848
Virginia,Madison County,30777
Virginia,Mathews County,35731
Virginia,Mecklenburg County,25056
Virginia,Middlesex County,31502
Virginia,Montgomery County,30054
Virginia,Nelson County,35489
Virginia,New Kent County,38080
Virginia,Northampton County,28518
Virginia,Northumberland County,36261
Virginia,Nottoway County,24571
Virginia,Orange County,32292
Virginia,Page County,25170
Virginia,Patrick County,24292
Virginia,Pittsylvania County,26032
Virginia,Powhatan County,37424
Virginia,Prince Edward County,21017
Virginia,Prince George County,29420
Virginia,Prince William County,40932
Virginia,Pulaski County,28125
Virginia,Rappahannock County,41792
Virginia,Richmond County,22853
Virginia,Roanoke County,36469
Virginia,Rockbridge County,31539
Virginia,Rockingham County,31275
Virginia,Russell County,21605
Virginia,Scott County,22898
Virginia,Shenandoah County,28882
Virginia,Smyth County,21605
Virginia,Southampton County,26600
Virginia,Spotsylvania County,37212
Virginia,Stafford County,42126
Virginia,Surry County,30260
Virginia,Sussex County,21652
Virginia,Tazewell County,23738
Virginia,Warren County,32086
Virginia,Washington County,27524
Virginia,Westmoreland County,32996
Virginia,Wise County,21500
Virginia,Wythe County,27381
Virginia,York County,41201
Virginia,Alexandria city,62679
Virginia,Bristol city,23015
Virginia,Buena Vista city,21419
Virginia,Charlottesville city,38328
Virginia,Chesapeake city,35536
Virginia,Colonial Heights city,28364
Virginia,Covington city,25309
Virginia,Danville city,22826
Virginia,Emporia city,18494
Virginia,Fairfax city,50029
Virginia,Falls Church city,72325
Virginia,Franklin city,24025
Virginia,Fredericksburg city,35731
Virginia,Galax city,23025
Virginia,Hampton city,30135
Virginia,Harrisonburg city,23202
Virginia,Hopewell city,21927
Virginia,Lexington city,19047
Virginia,Lynchburg city,23863
Virginia,Manassas city,33082
Virginia,Manassas Park city,34326
Virginia,Martinsville city,22836
Virginia,Newport News city,28294
Virginia,Norfolk city,29830
Virginia,Norton city,21741
Virginia,Petersburg city,23611
Virginia,Poquoson city,40258
Virginia,Portsmouth city,26312
Virginia,Radford city,21797
Virginia,Richmond city,33549
Virginia,Roanoke city,27006
Virginia,Salem city,31924
Virginia,Staunton city,30166
Virginia,Suffolk city,34940
Virginia,Virginia Beach city,37776
Virginia,Waynesboro city,27033
Virginia,Williamsburg city,29758
Virginia,Winchester city,30859
Washington,Adams County,20248
Washington,Asotin County,29695
Washington,Benton County,32882
Washington,Chelan County,30870
Washington,Clallam County,30283
Washington,Clark County,35860
Washington,Columbia County,36551
Washington,Cowlitz County,28876
Washington,Douglas County,30544
Washington,Ferry County,25857
Washington,Franklin County,24380
Washington,Garfield County,26742
Washington,Grant County,24280
Washington,Grays Harbor County,27210
Washington,Island County,37087
Washington,Jefferson County,36598
Washington,King County,52462
Washington,Kitsap County,37493
Washington,Kittitas County,29161
Washington,Klickitat County,29521
Washington,Lewis County,27127
Washington,Lincoln County,28891
Washington,Mason County,28862
Washington,Okanogan County,24876
Washington,Pacific County,26109
Washington,Pend Oreille County,28046
Washington,Pierce County,34618
Washington,San Juan County,45777
Washington,Skagit County,33168
Washington,Skamania County,32221
Washington,Snohomish County,39527
Washington,Spokane County,31146
Washington,Stevens County,26896
Washington,Thurston County,35169
Washington,Wahkiakum County,31110
Washington,Walla Walla County,29035
Washington,Whatcom County,32267
Washington,Whitman County,23560
Washington,Yakima County,23459
West Virginia,Barbour County,22899
West Virginia,Berkeley County,29994
West Virginia,Boone County,21751
West Virginia,Braxton County,22269
West Virginia,Brooke County,26678
West Virginia,Cabell County,25271
West Virginia,Calhoun County,20447
West Virginia,Clay County,17239
West Virginia,Doddridge County,24053
West Virginia,Fayette County,21914
West Virginia,Gilmer County,18067
West Virginia,Grant County,23351
West Virginia,Greenbrier County,24581
West Virginia,Hampshire County,24259
West Virginia,Hancock County,26435
West Virginia,Hardy County,27004
West Virginia,Harrison County,28879
West Virginia,Jackson County,25341
West Virginia,Jefferson County,36305
West Virginia,Kanawha County,29253
West Virginia,Lewis County,23820
West Virginia,Lincoln County,21456
West Virginia,Logan County,21936
West Virginia,McDowell County,15047
West Virginia,Marion County,26380
West Virginia,Marshall County,26472
West Virginia,Mason County,24844
West Virginia,Mercer County,22212
West Virginia,Mineral County,25490
West Virginia,Mingo County,20060
West Virginia,Monongalia County,32154
West Virginia,Monroe County,23923
West Virginia,Morgan County,28127
West Virginia,Nicholas County,22335
West Virginia,Ohio County,32429
West Virginia,Pendleton County,25059
West Virginia,Pleasants County,29974
West Virginia,Pocahontas County,25201
West Virginia,Preston County,24890
West Virginia,Putnam County,31587
West Virginia,Raleigh County,25026
West Virginia,Randolph County,24842
West Virginia,Ritchie County,25606
West Virginia,Roane County,21711
West Virginia,Summers County,21437
West Virginia,Taylor County,25214
West Virginia,Tucker County,25686
West Virginia,Tyler County,24924
West Virginia,Upshur County,24070
West Virginia,Wayne County,21553
West Virginia,Webster County,22054
West Virginia,Wetzel County,22546
West Virginia,Wirt County,23568
West Virginia,Wood County,27725
West Virginia,Wyoming County,22703
Wisconsin,Adams County,27241
Wisconsin,Ashland County,23946
Wisconsin,Barron County,29681
Wisconsin,Bayfield County,31825
Wisconsin,Brown County,32874
Wisconsin,Buffalo County,30503
Wisconsin,Burnett County,30342
Wisconsin,Calumet County,35527
Wisconsin,Chippewa County,29991
Wisconsin,Clark County,25382
Wisconsin,Columbia County,34984
Wisconsin,Crawford County,27615
Wisconsin,Dane County,40614
Wisconsin,Dodge County,29726
Wisconsin,Door County,38744
Wisconsin,Douglas County,30153
Wisconsin,Dunn County,28034
Wisconsin,Eau Claire County,30983
Wisconsin,Florence County,32348
Wisconsin,Fond du Lac County,31653
Wisconsin,Forest County,25700
Wisconsin,Grant County,25892
Wisconsin,Green County,33459
Wisconsin,Green Lake County,29207
Wisconsin,Iowa County,34114
Wisconsin,Iron County,28857
Wisconsin,Jackson County,26481
Wisconsin,Jefferson County,31992
Wisconsin,Juneau County,27889
Wisconsin,Kenosha County,32298
Wisconsin,Kewaunee County,30921
Wisconsin,La Crosse County,32565
Wisconsin,Lafayette County,28448
Wisconsin,Langlade County,27618
Wisconsin,Lincoln County,30972
Wisconsin,Manitowoc County,30130
Wisconsin,Marathon County,33189
Wisconsin,Marinette County,28282
Wisconsin,Marquette County,27922
Wisconsin,Menominee County,20313
Wisconsin,Milwaukee County,29270
Wisconsin,Monroe County,29242
Wisconsin,Oconto County,30927
Wisconsin,Oneida County,34910
Wisconsin,Outagamie County,33221
Wisconsin,Ozaukee County,49030
Wisconsin,Pepin County,30827
Wisconsin,Pierce County,33061
Wisconsin,Polk County,30859
Wisconsin,Portage County,31453
Wisconsin,Price County,28882
Wisconsin,Racine County,31572
Wisconsin,Richland County,27597
Wisconsin,Rock County,28945
Wisconsin,Rusk County,25854
Wisconsin,St. Croix County,39287
Wisconsin,Sauk County,30990
Wisconsin,Sawyer County,31772
Wisconsin,Shawano County,29338
Wisconsin,Sheboygan County,31510
Wisconsin,Taylor County,27506
Wisconsin,Trempealeau County,28902
Wisconsin,Vernon County,26198
Wisconsin,Vilas County,33316
Wisconsin,Walworth County,32302
Wisconsin,Washburn County,29584
Wisconsin,Washington County,39055
Wisconsin,Waukesha County,46073
Wisconsin,Waupaca County,32000
Wisconsin,Waushara County,28580
Wisconsin,Winnebago County,32571
Wisconsin,Wood County,31425
Wyoming,Albany County,29146
Wyoming,Big Horn County,24693
Wyoming,Campbell County,34776
Wyoming,Carbon County,29552
Wyoming,Converse County,33693
Wyoming,Crook County,29532
Wyoming,Fremont County,28324
Wyoming,Goshen County,28554
Wyoming,Hot Springs County,30643
Wyoming,Johnson County,36084
Wyoming,Laramie County,35190
Wyoming,Lincoln County,29747
Wyoming,Natrona County,33797
Wyoming,Niobrara County,22958
Wyoming,Park County,35147
Wyoming,Platte County,35312
Wyoming,Sheridan County,35254
Wyoming,Sublette County,35874
Wyoming,Sweetwater County,32603
Wyoming,Teton County,54051
Wyoming,Uinta County,28159
Wyoming,Washakie County,28101
Wyoming,Weston County,28531
Puerto Rico,Adjuntas Municipio,7595
Puerto Rico,Aguada Municipio,9692
Puerto Rico,Aguadilla Municipio,11298
Puerto Rico,Aguas Buenas Municipio,11097
Puerto Rico,Aibonito Municipio,11363
Puerto Rico,Aasco Municipio,10603
Puerto Rico,Arecibo Municipio,10596
Puerto Rico,Arroyo Municipio,8611
Puerto Rico,Barceloneta Municipio,9847
Puerto Rico,Barranquitas Municipio,8537
Puerto Rico,Bayamn Municipio,14782
Puerto Rico,Cabo Rojo Municipio,9903
Puerto Rico,Caguas Municipio,15244
Puerto Rico,Camuy Municipio,10709
Puerto Rico,Canvanas Municipio,12924
Puerto Rico,Carolina Municipio,16846
Puerto Rico,Catao Municipio,12796
Puerto Rico,Cayey Municipio,12819
Puerto Rico,Ceiba Municipio,11204
Puerto Rico,Ciales Municipio,9106
Puerto Rico,Cidra Municipio,10980
Puerto Rico,Coamo Municipio,11063
Puerto Rico,Comero Municipio,7352
Puerto Rico,Corozal Municipio,8124
Puerto Rico,Culebra Municipio,15027
Puerto Rico,Dorado Municipio,16876
Puerto Rico,Fajardo Municipio,12846
Puerto Rico,Florida Municipio,9250
Puerto Rico,Gunica Municipio,7293
Puerto Rico,Guayama Municipio,10387
Puerto Rico,Guayanilla Municipio,9136
Puerto Rico,Guaynabo Municipio,24887
Puerto Rico,Gurabo Municipio,18518
Puerto Rico,Hatillo Municipio,11144
Puerto Rico,Hormigueros Municipio,12479
Puerto Rico,Humacao Municipio,13043
Puerto Rico,Isabela Municipio,9002
Puerto Rico,Jayuya Municipio,7308
Puerto Rico,Juana Daz Municipio,10550
Puerto Rico,Juncos Municipio,10222
Puerto Rico,Lajas Municipio,7432
Puerto Rico,Lares Municipio,9091
Puerto Rico,Las Maras Municipio,7585
Puerto Rico,Las Piedras Municipio,11475
Puerto Rico,Loza Municipio,9335
Puerto Rico,Luquillo Municipio,11123
Puerto Rico,Manat Municipio,11084
Puerto Rico,Maricao Municipio,6118
Puerto Rico,Maunabo Municipio,9319
Puerto Rico,Mayagez Municipio,10994
Puerto Rico,Moca Municipio,10342
Puerto Rico,Morovis Municipio,9728
Puerto Rico,Naguabo Municipio,9283
Puerto Rico,Naranjito Municipio,9120
Puerto Rico,Orocovis Municipio,8299
Puerto Rico,Patillas Municipio,9636
Puerto Rico,Peuelas Municipio,9480
Puerto Rico,Ponce Municipio,11393
Puerto Rico,Quebradillas Municipio,10451
Puerto Rico,Rincn Municipio,12507
Puerto Rico,Ro Grande Municipio,11341
Puerto Rico,Sabana Grande Municipio,9810
Puerto Rico,Salinas Municipio,9557
Puerto Rico,San Germn Municipio,10535
Puerto Rico,San Juan Municipio,19361
Puerto Rico,San Lorenzo Municipio,11307
Puerto Rico,San Sebastin Municipio,9498
Puerto Rico,Santa Isabel Municipio,11596
Puerto Rico,Toa Alta Municipio,14661
Puerto Rico,Toa Baja Municipio,13106
Puerto Rico,Trujillo Alto Municipio,16482
Puerto Rico,Utuado Municipio,8683
Puerto Rico,Vega Alta Municipio,11735
Puerto Rico,Vega Baja Municipio,11116
Puerto Rico,Vieques Municipio,10426
Puerto Rico,Villalba Municipio,10894
Puerto Rico,Yabucoa Municipio,9929
Puerto Rico,Yauco Municipio,8404
